-- --------------------------------------------------------
-- Хост:                         127.0.0.1
-- Версия сервера:               5.7.16 - MySQL Community Server (GPL)
-- Операционная система:         Win32
-- HeidiSQL Версия:              9.4.0.5125
-- --------------------------------------------------------

/*!40101 SET @OLD_CHARACTER_SET_CLIENT=@@CHARACTER_SET_CLIENT */;
/*!40101 SET NAMES utf8 */;
/*!50503 SET NAMES utf8mb4 */;
/*!40014 SET @OLD_FOREIGN_KEY_CHECKS=@@FOREIGN_KEY_CHECKS, FOREIGN_KEY_CHECKS=0 */;
/*!40101 SET @OLD_SQL_MODE=@@SQL_MODE, SQL_MODE='NO_AUTO_VALUE_ON_ZERO' */;


-- Дамп структуры базы данных attraction
CREATE DATABASE IF NOT EXISTS `attraction` /*!40100 DEFAULT CHARACTER SET utf8 */;
USE `attraction`;

-- Дамп структуры для таблица attraction.active_bracers
CREATE TABLE IF NOT EXISTS `active_bracers` (
  `id` int(11) NOT NULL AUTO_INCREMENT,
  `code` int(11) NOT NULL,
  `bracer_number` smallint(5) unsigned NOT NULL,
  `enter_time` datetime DEFAULT NULL,
  `enter_number` tinyint(4) unsigned DEFAULT NULL,
  `expected_exit_time` datetime DEFAULT NULL,
  `deposit_id` int(11) NOT NULL,
  `childs` tinyint(3) unsigned NOT NULL DEFAULT '0',
  `entered_childs` int(11) unsigned NOT NULL DEFAULT '0',
  `comment` text,
  PRIMARY KEY (`id`),
  KEY `FK_active_bracers_deposit` (`deposit_id`),
  CONSTRAINT `FK_active_bracers_deposit` FOREIGN KEY (`deposit_id`) REFERENCES `deposit` (`id`) ON DELETE CASCADE ON UPDATE CASCADE
) ENGINE=InnoDB AUTO_INCREMENT=16 DEFAULT CHARSET=utf8;

-- Дамп данных таблицы attraction.active_bracers: ~1 rows (приблизительно)
DELETE FROM `active_bracers`;
/*!40000 ALTER TABLE `active_bracers` DISABLE KEYS */;
/*!40000 ALTER TABLE `active_bracers` ENABLE KEYS */;

-- Дамп структуры для таблица attraction.active_transactions
CREATE TABLE IF NOT EXISTS `active_transactions` (
  `id` int(11) NOT NULL AUTO_INCREMENT,
  `title` enum('Покупка','Оплата','Регистрация','Пополнение баланса','Возврат остатка','Штраф') NOT NULL DEFAULT 'Покупка',
  `product_id` int(11) DEFAULT NULL,
  `quantity` int(11) unsigned DEFAULT '1',
  `total_price` decimal(10,2) NOT NULL,
  `time` datetime NOT NULL,
  `active_bracers_id` int(11) NOT NULL,
  `activity_point` tinyint(4) unsigned DEFAULT NULL,
  PRIMARY KEY (`id`),
  KEY `FK_active_transactions_active_bracers` (`active_bracers_id`),
  KEY `FK_active_transactions_products` (`product_id`),
  CONSTRAINT `FK_active_transactions_active_bracers` FOREIGN KEY (`active_bracers_id`) REFERENCES `active_bracers` (`id`) ON DELETE CASCADE ON UPDATE CASCADE,
  CONSTRAINT `FK_active_transactions_products` FOREIGN KEY (`product_id`) REFERENCES `products` (`id`) ON UPDATE CASCADE
) ENGINE=InnoDB AUTO_INCREMENT=59 DEFAULT CHARSET=utf8;

-- Дамп данных таблицы attraction.active_transactions: ~44 rows (приблизительно)
DELETE FROM `active_transactions`;
/*!40000 ALTER TABLE `active_transactions` DISABLE KEYS */;
/*!40000 ALTER TABLE `active_transactions` ENABLE KEYS */;

-- Дамп структуры для таблица attraction.bracers_history
CREATE TABLE IF NOT EXISTS `bracers_history` (
  `id` int(11) NOT NULL AUTO_INCREMENT,
  `code` int(11) NOT NULL,
  `bracer_number` smallint(5) unsigned NOT NULL,
  `enter_time` datetime NOT NULL,
  `enter_number` tinyint(4) NOT NULL,
  `exit_time` datetime NOT NULL,
  `exit_number` tinyint(4) NOT NULL,
  `childs` tinyint(3) NOT NULL DEFAULT '0',
  `comment` text,
  PRIMARY KEY (`id`)
) ENGINE=InnoDB AUTO_INCREMENT=3 DEFAULT CHARSET=utf8 ROW_FORMAT=COMPACT;

-- Дамп данных таблицы attraction.bracers_history: ~2 rows (приблизительно)
DELETE FROM `bracers_history`;
/*!40000 ALTER TABLE `bracers_history` DISABLE KEYS */;
INSERT INTO `bracers_history` (`id`, `code`, `bracer_number`, `enter_time`, `enter_number`, `exit_time`, `exit_number`, `childs`, `comment`) VALUES
	(1, 123, 3, '2018-07-09 03:34:03', 4, '2018-07-09 03:51:12', 3, 2, NULL),
	(2, 213, 2, '2018-07-09 03:51:35', 6, '2018-07-09 03:53:27', 3, 2, NULL);
/*!40000 ALTER TABLE `bracers_history` ENABLE KEYS */;

-- Дамп структуры для таблица attraction.deposit
CREATE TABLE IF NOT EXISTS `deposit` (
  `id` int(11) NOT NULL AUTO_INCREMENT,
  `cash` decimal(10,2) NOT NULL,
  PRIMARY KEY (`id`)
) ENGINE=InnoDB AUTO_INCREMENT=20 DEFAULT CHARSET=utf8;

-- Дамп данных таблицы attraction.deposit: ~19 rows (приблизительно)
DELETE FROM `deposit`;
/*!40000 ALTER TABLE `deposit` DISABLE KEYS */;
/*!40000 ALTER TABLE `deposit` ENABLE KEYS */;

-- Дамп структуры для таблица attraction.products
CREATE TABLE IF NOT EXISTS `products` (
  `id` int(11) NOT NULL AUTO_INCREMENT,
  `title` varchar(50) NOT NULL,
  `price` decimal(10,2) unsigned NOT NULL DEFAULT '0.00',
  `product_types_id` int(11) NOT NULL,
  `icon` mediumblob,
  `comment` text,
  `amount` int(11) unsigned DEFAULT '0',
  PRIMARY KEY (`id`),
  KEY `FK_products_product_types` (`product_types_id`),
  CONSTRAINT `FK_products_product_types` FOREIGN KEY (`product_types_id`) REFERENCES `product_types` (`id`) ON DELETE CASCADE ON UPDATE CASCADE
) ENGINE=InnoDB AUTO_INCREMENT=91 DEFAULT CHARSET=utf8;

-- Дамп данных таблицы attraction.products: ~70 rows (приблизительно)
DELETE FROM `products`;
/*!40000 ALTER TABLE `products` DISABLE KEYS */;
INSERT INTO `products` (`id`, `title`, `price`, `product_types_id`, `icon`, `comment`, `amount`) VALUES
	(21, 'Лимонный(Классика)', 10000.00, 8, NULL, NULL, 0),
	(22, 'Тархун', 12000.00, 8, NULL, NULL, 0),
	(23, 'Арбуз-мята', 12000.00, 8, NULL, NULL, 0),
	(24, 'Малина-Маракуя', 12000.00, 8, NULL, NULL, 0),
	(25, 'Энерджи', 12000.00, 8, NULL, NULL, 0),
	(26, 'Ананасовый', 12000.00, 8, NULL, NULL, 0),
	(27, 'Имбирный', 12000.00, 8, NULL, NULL, 0),
	(28, 'Яблочный', 12000.00, 8, NULL, NULL, 0),
	(29, 'Апельсиновый', 12000.00, 8, NULL, NULL, 0),
	(30, 'Огуречный', 12000.00, 8, NULL, NULL, 0),
	(31, 'Яблочный ', 11000.00, 9, NULL, NULL, 0),
	(32, 'Яблочно-морковный', 11000.00, 9, NULL, NULL, 0),
	(33, 'Яблочно-сельдерейный', 11000.00, 9, NULL, NULL, 0),
	(34, 'Апельсиновый', 20000.00, 9, NULL, NULL, 0),
	(35, 'Арбузный', 8000.00, 9, NULL, NULL, 0),
	(36, 'Морковный', 10000.00, 9, NULL, NULL, 0),
	(37, 'Детокс', 11000.00, 9, NULL, NULL, 0),
	(38, 'Пина Колада', 14000.00, 10, NULL, NULL, 0),
	(39, 'Банановый шейк', 16000.00, 10, NULL, NULL, 0),
	(40, 'Клубичнный шейк', 14000.00, 10, NULL, NULL, 0),
	(41, 'Карамельный шейк', 15000.00, 10, NULL, NULL, 0),
	(42, 'Шоколадный шейк', 16000.00, 10, NULL, NULL, 0),
	(43, 'Tropical Sun', 13000.00, 10, NULL, NULL, 0),
	(44, 'Сливочная Фанта', 15000.00, 10, NULL, NULL, 0),
	(45, 'Пунш', 12000.00, 10, NULL, NULL, 0),
	(46, 'Радуга', 12000.00, 10, NULL, NULL, 0),
	(47, 'Ягодный Смузи с йогуртом', 18000.00, 10, NULL, '', 0),
	(48, 'Мохито', 12000.00, 10, NULL, NULL, 0),
	(49, 'Алые Паруса', 16000.00, 10, NULL, NULL, 0),
	(50, 'Айс ти', 11000.00, 10, NULL, NULL, 0),
	(51, 'Pepsi 0,33л', 6000.00, 11, NULL, '0,33л', 0),
	(52, 'Mirinda 0,33л', 6000.00, 11, NULL, '0,33л', 0),
	(53, 'Pepsi 0,5л', 7000.00, 11, NULL, '0,5л', 0),
	(54, 'Mirinda 0,5л', 7000.00, 11, NULL, '0,5л', 0),
	(55, '7up 0,5л', 7000.00, 11, NULL, '0,5л', 0),
	(56, 'Pepsi 1,0л', 11000.00, 11, NULL, '1,0л', 0),
	(57, 'Mirinda 1,0л', 11000.00, 11, NULL, '1,0л', 0),
	(58, '7up 1,0л', 11000.00, 11, NULL, '1,0л', 0),
	(59, 'Сок в ассортименте 1,0л', 12000.00, 11, NULL, '1,0л', 0),
	(60, 'Вода Нестле 0,5л', 5000.00, 11, NULL, '0,5л', 0),
	(61, 'Вода Нестле 1,0л', 6000.00, 11, NULL, '1,0л', 0),
	(62, 'Red bull 0,25л', 22000.00, 11, NULL, '0,25л', 0),
	(63, 'Энергетик 18+ 0,33', 10000.00, 11, NULL, '0,33', 0),
	(64, 'Тоник Schweppes 0,25л', 10000.00, 11, NULL, '0,25л', 0),
	(65, 'Черный чай', 2000.00, 12, NULL, NULL, 0),
	(66, 'Зеленый чай', 2000.00, 12, NULL, NULL, 0),
	(67, 'Жасминовый зеленый', 2000.00, 12, NULL, NULL, 0),
	(68, 'Чай с лимоном с сахаром', 3000.00, 12, NULL, NULL, 0),
	(69, 'Чай Иммунитет', 4000.00, 12, NULL, NULL, 0),
	(70, 'Чай Марокканский', 5000.00, 12, NULL, NULL, 0),
	(71, 'Вкусный Чай (Фруктовый)', 5000.00, 12, NULL, NULL, 0),
	(72, 'Лаваш', 12000.00, 14, NULL, NULL, 0),
	(73, 'Лаваш с сыром', 14000.00, 14, NULL, NULL, 0),
	(74, 'Мини лаваш', 10500.00, 14, NULL, NULL, 0),
	(75, 'Мини лаваш с сыром', 12500.00, 14, NULL, NULL, 0),
	(76, 'Ровнометр', 85000.00, 14, NULL, NULL, 0),
	(77, 'Фри с сырным соусом', 10000.00, 14, NULL, NULL, 0),
	(78, 'Фри', 8000.00, 14, NULL, NULL, 0),
	(79, 'Королевский хот-дог', 11000.00, 14, NULL, NULL, 0),
	(80, 'Хот-дог', 7000.00, 14, NULL, NULL, 0),
	(81, 'Сырный соус', 1000.00, 14, NULL, NULL, 0),
	(82, 'Гамбургер', 9500.00, 14, NULL, NULL, 0),
	(83, 'Чизбургер', 11500.00, 14, NULL, NULL, 0),
	(84, 'Блины', 3500.00, 14, NULL, '1 шт.', 0),
	(85, 'Салат', 4500.00, 14, NULL, '', 0),
	(86, 'Донар', 23000.00, 14, NULL, NULL, 0),
	(87, 'Холодец', 8500.00, 14, NULL, NULL, 0),
	(88, 'Биг шаурма', 12500.00, 14, NULL, NULL, 0),
	(89, 'Шаурма', 10500.00, 14, NULL, NULL, 0),
	(90, 'Мини шаурма', 9000.00, 14, NULL, NULL, 0);
/*!40000 ALTER TABLE `products` ENABLE KEYS */;

-- Дамп структуры для таблица attraction.product_types
CREATE TABLE IF NOT EXISTS `product_types` (
  `id` int(11) NOT NULL AUTO_INCREMENT,
  `title` varchar(50) NOT NULL,
  `icon` mediumblob,
  `comment` text,
  PRIMARY KEY (`id`)
) ENGINE=InnoDB AUTO_INCREMENT=15 DEFAULT CHARSET=utf8;

-- Дамп данных таблицы attraction.product_types: ~6 rows (приблизительно)
DELETE FROM `product_types`;
/*!40000 ALTER TABLE `product_types` DISABLE KEYS */;
INSERT INTO `product_types` (`id`, `title`, `icon`, `comment`) VALUES
	(8, 'Лимонады', _binary 0x89504E470D0A1A0A0000000D49484452000000400000003B0806000000CB8C8CDC000000097048597300000B1200000B1201D2DD7EFC0000001C74455874536F6674776172650041646F62652046697265776F726B7320435336E8BCB28C00001256494441546881ED9A77949D7599C73FCF5B6E9F5E329364920C93426642423A041182C180C2C22E201E81151090B2B8A82C2AAE87A88882AE8028525C7A9144549A08044848321032498694819449267D7ABDFDBEEFFBEC1FD7CC013321A44CF2CF7ECFB9E7DCFB6BCFF7FBDCE7D77FC220435B1FB802DC3EBC9C57A5ECDF63836DEF60610CBA8592B9CF66DCA26DF4153B836EEB68401B1FCC5355F9CCE5550DED7EFEB87DD2773E5EA43B1F1E7E64D91D0578B5A7AE4CBF7FCE7F1EA89CD6CD3941579D3E6DEFEFCCF69F9CAA3B7E3DFAE365D2DB1F98B66F4D509DEF3B7CA60709B7FE823F6AEDF4D30E544E3FBCE4045D73F9979CD55FF9D2A796AB1DBD4C971FFFCCA79549EF7864E627EA6CBEB954B7DE94FFD9181F191800BAE6CBC719F1155F41A28BBCA5D397EAD2D935FBAB20E39F5EEBA6BA8A45D39FDB5F195D3FCFC790CFFD2F8111377D22BDF98E73B4E59EB9CEEE07FE0DC05771E5F28FE7C7BB3B863B71FF84C3937470300064E22B5B080F9F886D9C2AE160235EDB726DB8ECCEFDF5756BFA0B4F503273F74079BAF9B2528C4D8FC553435F9549AFB77E3CCF8DC62D62ED6A0DBDF6CF00BAF5A67CDD72DDB8BDF9E1698FAED2BCB17D474EDE81D13F0BC8A4DA75326DFD523CB756ED60587D79B7F0C1B9E70F544975BE69785DC503E57969E776325D0DE1EA3BF6FC739E99EA5C881D5BD29F90ECFA319DEF3768C3372600E8961F8EB487ED587BD8AA0E02FB4E83A1D23F513AA38EE85670629F0873ADFD7610805D0DE588EE33ADE98EBBC6185E7A0C7EF381818C49CDFD51A9B83BD19F604DBD0573D85968C546D5B7AD582C9A1499E71DA6A683C23E21AE4B270FF57CBEEBC4CAB950F2278DC5F0ADA16F5D1D86D1452671B96715BD60E41FF78E663AFF435CB97065B7D33C353F51E0990537496CE75871DBAA65D292EA832191DE306F86ED638D54CE4B1E39699F0DFB3AE09D610B11F70B8487AA56DD219086F41E70BAC0CA032709562EE2CF53A20D69ED59BB50D21D933D0A6E37ECE48D38BB6E9789F5FDA3BFAA1A22E20168EBEF22527A43742022DAF660394638264597F60E98FFB1768E24068880EA530946A06CD6C59A4CDE40F937001721854A61B68A1904F181D38144175F4D77FD0B044B6713EB5A23E31EFAA8BFADE6274ABD1DCFAD777C55B37D81C266C7B4BF6F8FFEE1CD8742543BE7E749E1577A0E5DEAC0D8EF8A4E3F9C730276708DE69D898427028A4A099839800B982002892DBD92DA7A1B5D6F9D41467F29354F2DF9783B99B5DF3DD3487EF45563DACB579178796862D71209BAF478BDCB1ED8ED0CBDAA62D68284D65E1494590B1200BAFEB26B69ADFA83CC9E775496CEFBDF0B645AC0D986B43D85AAF18FA269100B8C1C101330215895AB7973EE565FE9B9AE97DA6766B0429926C34C4CD3B517D7D2B7E71A2B133B8F70C6014D57CC5A90D055179510D8BD451BCEBB1E406A9E7C4066CF735411AD3F6FAED6D634E98A49BF38AA0EC834DD7D06B95F6DC7D9D3881D858EA7504CD09EEC58E02500414410F165E3A8E46224B7FAC47F6E4BAA7EB3092BE71E49344DA7E5950DB6D3304B3B566F34245A00205316B4E1C41F22D9346F6F1DDDF6F302D6CE7C5975DBDF29AC2C237FFCDF0749FFFEBB0080EEA82924DEF30BCC9CAB08CD162227A36639181190FCEC5880991D0FD4819E652A6DCF3E4368DA1D32F2D686FE76DEAFBE145FE081B47DCA0C9F765C4FECBD5A9CBEA7B047CDC4CBE463A79FC51F2CC4937B5196227C5F53DBA7896D817F088426DC26239FFC497F7B5A678B4CCB0CBA03FA0DAE1F763F56C175147C117CD5600D45AD5160E682A6C04D655B1213924DD0F146B358F208A93D5BC92476936ACAD7D4B6A7C5579151B3A04EADE18F1B9D0BEF53B55532BD06966D2982F8FD908A42A8183573419360158084368B5D78958C7F76314074CBC34322C75DDD72F41CB0FAC47C64D79BF8F2A75030138C3C347C0E58956004C08B82170731B2D1E02521D1007D6BC1897910EFC45751E0499969ECBE1BA51471E310DD85D8027915906AF634E37812772C7247C3F81B20DD06245107A47BA96AAA6FA118C19FCB896FBE7D24C47F660700E8A6B3FD24D7FC08B895508568681692333B2BDE6D07B318AC21A069F0622041543DA467E915B4BCB4D4F38FB8459CB6ABE9DB09FE12D042A46D39948E45FD8588615E4657CBF944B75D4077129D702D8CB902A22B10FA50AB083A9642D71224E52C21E9BB4AE67CB4F1A839A0DF11AB4A5E04E35C22D530EC7BE0B642C7AB2061283AFB1F0E8942EF06687D2F4D6AE3664A275793884277233AE21C441268EB87D0DB0CF9231137BA92991BA6EBB2135F97E8F639F4C4D0F00CE4AC1750AF17E2CB108DA36E029C38B2F521E86DDF83967C5ECE6ADC7C380E38F823B174E4BF89C53C9AD742BA138C7CF017A18601E946B4F92D58FB6B687B0E82ED3E8D79D5BAE43DF4F90FD0151978F315B4611DE22B866004BC3D60744DA07EFC6835231B35E340811FC69C0A64406C084C42CD02B47733981974D8F9904E94E376DC7938E20FC90172D2D635248C0FE8ED4677BE84BA3D906841C4463B1A90B57F86B21AB4EC32B4D5806E1FF80B21DF8F74A790E6384E2A076DFD08D6F540BB8261FBBDAEDC33D349AD058144141275687A6776CA354220610C3B80904652DD108E80EDF51FA91DCC31DD613900004F77E07848D34B4866271084741C362F86F010B4E256D8B91CDAFA20A110CA85021B428AE658581D8DB0258DB425A0AE1536F660D8DBEFF575F6CE713B1DF014D9FD06B2EA6CD87423F4BC0D99E66C774B3441F772302DB003F301E27537CC7436DD3CE750A45887E480B4DB8118108AA04E73964C57236C6B45BF7C2DB4AFC84E6791101404A1A0025A76A1213F5A5A8874B7826BA3F961E8E945D7C6112BDF929C9ECB6567124282460A20F724B0C2B0F34948EE827018D23148F7653765BE612F412BA169BF5B7E60D203E3D022C0364EC630A16802E21B814810E20A9934E44E86CD4F43AC176C1BFA3A61C76AC80F401E887643AE053E85021F983608E8F64EF0976086B31B5019761A0C3F3FBBDF88B5AA383D6F106DEE21D50AB1764825DBE28CC871D77DFD51DD3CAF747F5475EBDB81CC8EBBF67BD679D00E509D67A05A8508E44F027B2404CAA16337EAF367F709C916701CE8EC83CE1EE8ED05BF0321170C0F522EC4D3D0D7978DC1B4427306963640248C464D349984E80674C7428418444E789CC2E3E7785E79032917CF57926759C99186D7FA988C9ED7BA3FBE52393B6957DCB2F8883980FAFA5CDC8C8D828A1F95086ADA78191F5E4CB20B2280B40378E08F809A10CD403A803BFC22187E7A369C632EF82C1893072541C430D12E0F5C1BDAEB61FB5F314AC7A1059582D5FD2499D42384220BB4784606F1F90CF5F790F7F93507ADE1B01CD0D15088A3E0B8D0D7085E3B12DF8E846D9CD60CA49B61D8E72120D925B21F08D810B421271F73FC1930FE62B073203F08850168EA459AFAA0290A890C3806583E08FA40E248200FF22609A44E30921FDD8699B0B5643A4664C82477D7EBE7EAD647039F4639D978D7186DB97F9FCB19389441B06AD66E56363AB86AD1D9042300719188455F9F8B6FF33B48590D58013092800DCD312830209080550F4378288442D0D30ECD09444D305D5085940728A4138867822B106B027F0F5AF1ADEC226BF793181D0B21BFFA7F0CDB5D81AEFA9CAEA82924987727196712DDA1C764F6A2FEF3047F49F578DC9E0F069273F0EB80CAC79278D67A1C0FD9BD1AD9FD37886E83682B468E49DFB26548A420DBBFBB5390044201B083904A43B2119A1781D70B9E9DEDF37911700D540C24E1216E06C40F661EF8CB216F260CFD16F8C64168168CBC15F28621CE2E3C2BBD8058EB9D58F132ACF038243191A17CE2724572CF79510A2ED976441C90AD15FA03083869A89F0FBB568297C40A7B6C5BD486EE781F469C0239019024E485C81E9E0440FF61D57320E483780A520E1A121085948B1A021E68C95C187625145F849AA520419010A80F091627707A3132BD13F17A5358275D4070F48772E2DA6FC9B845ED7BA9A6577E6DAAD6CD2DDFAF9443D12F1776FD167FFE8D18661F9E07ADED904E121E9F434712F6FCEE79282D87532E85903F7B569063676786A401490557212D8869234181B48B58828EB220D783B2D3A1F074308B511C90009811304C84682BBAFD4442A12578D14B486FDC81D67F87DD2F5FA9CB4657A922BAF5AE3200DBDB58436E72BFB74D877C3D2E1776FD969CAAF1F843CF80AA74F761F6F430AADA64CB06979E7B1E06AF03AAA640D89FFDC75D0143C11FCAFEDB7E0BCDB550CDC0100B1D9703437DE00B40F964C4EDCC0EB29A06CC2CDD543BF43C5382AFFC11ACA1B558C50F92EE04EDEE418D6A22B9CFB1E56BA309C54B01647ADD133276F11B47DC010072EEC65D7241F41202F93F20603B220E232B5C8A4604D8B23A43F49E6710230953CF039F0F72047C1E641260299829C864206C406918993E1C713230666676E43722A8391435CAB21190D8063B7FECE0CB3D93F0B438F993FD98F6F1144D81C2B3FB28A8BC8240F045D2894E1932EF334D8F87B4811808FA9751A34874FE174EF29B4EA765EE690C93D9DC4E592904CF2D4726CF407B0D68FF00D209F0F9B39BA43E901C85A163D12D6F42D1A970FCCD608410AF1D151B8CD2EC19C3C6DB91F0968D32664DFF7DA26EBA3197CEBFB72B3E578AAAEFA37BCE0F19B2D0A26BDD63B89917533ABBC56FEEBE99C8E806A9BAF73B83E6807E422F8D3E99FCDD8BD5A8B263F5EDA4EB3A096B1A5F25C8843C1839128D0C41C295609541BC016D5D0B1D1D90570E27DC02BE1320B3138C44F610560368FB5B18BA3E8DCFBA492A6B7FDF6F6FC3E5C7D3FD6683868A454C2B89915F054188AF5E4A3A0CE3BE7706AD4FBF8AE8084223AF93E18F3C31A80E00D0658145A8779AFA2BF172BF43FAB5DF63EF5A8B697B88A56093FD3882FA4CC8B561E271484919F88BC0CCF588F72CA463E3173434CC24B501C92F78055FE54D52B1609F0310ADAB69C10A976224C0C8DBEDF5250B0CACC73C3731D7283F6B36D11797109AF45D463FFBBC88E8517040F08FB8DEC55AF645B4E49BD0F91ED2B2184D7520B15D48AA075420BF14AF680A46CB22C8295C401EA7E12BDE48B0E2BB52F1F2FB5A5BF5AF98E96B0818254CDC365D04DDC796CEF769C39F5F96CCF677C82B28C20DD7A3D15B49348D2534641155BF3D57A466C0EB3838D4EDF0811029BB0D2359437CCB0469B8463103AB25507287F8E21102C1FB8927439006ED44A21FA0A36621B1E65CFC678C9031F7A520BB6893598D7FD165234EC2336A06120FE0AE7CE84253A29313E617AE0862C764F4BC6EDDF9B30499F607318635F2E1D7DBB5EF910AC9B9B26DA0FA83F24A4C266DDD4064DC74D1B6A562CB3A993975864C59FEBC4C6B7A1CD2BF445CB00DB0154A2743F9E5905F3557B73D17D5E5136EFC4463FE921FE32FBC7A7FB64CBB7C219A0805C3AD13F097A70188AF89132A7D0ABBE4176A8F5EEC74748DD1963BAED3CDE7BCA25BBFFE834F701D04FDFDD0C6A92368DDF93E8ED9849DFF7339A9E1055D3AA206AF651D9607968D9A25E03F19A21F2156FB0EDCF0693273C3D64F6B37D6F0B3F280DD758B5130F1A1C486F935C1826025D50B7E25D97526DAF8D33152F5A34D00BAF2A2CBD56DBB4DCC3D2504BC308191BD52B5306F6F5B83FA4E50AA566E07671DD233132B7347D6E2B02D18BE28C1001454225612697F093177C5B10B2FD99FF89EF5DF2EDCFB3D14CCF80DC904289ADA182C2A7D8DE292DFEF150F90B65D7FFF77D75B21C96D05D8252B702C9794FE75102567F1F1EDA9D60FBF53EBCADED315A3FFA53FADB6F471AD2F53DD738DEAE619AAB585315D3EAEF2D3DAEC5B7563C92171699C3742F7FCE634007DADFA6FDE7B7397BB6F9F7AEDDEFCC18900AB2B04A0ADD747302297628FF9954CDFFC627F7EC67A9F782C7BCB6E8D035FB0ED40619F33E5BE0107B103C1B143C713C9FF10C021B28ACE8D33F0EBACBDF9833A0600687DD5CBD853AE979A05DBFBD3DE9E5AAC990D3BC8290B100A215E748D4CDE3269D0B97C7473256EEC148A8BB7CA909F2E83A3F15638DD1724BDFA5E5D3FAFFFF5A7CC5ED92EA1821F89F4226440821D83CE0348EF5C7D35DD1F5CBC57FC5181D6152ED1E541D5FAB18F7E225D1177F9A8DBF4AD88EA9272D52535831F019B7F59AA9BBE7B500FB80EDF68FDA86F6A5D38A5EB66EC2350579D5AE22DF4A9BE5BB847979E927354891D4DE8D68BCA207B7DA56D7FEA7F20AD6F14DDA88B4ADFD5BA9A11C78EDD3142FADD33A6780B2BE2FA5ED5BDC792C7E00F82034015B163AB7E2599962024D2C782C35E1C1307F0EEC9018C4C0E76B09D54CEFDC784C3B186BE33EC427DAD609F07D5471BC7A60BD45D63E3451F423CFF814B0F2E8E890364DA431992C6D318FEBF1D0BFB1FC7B1898037A6E66144266358F38F85FD630A7D7DDC507DB3FC435D3C72D6814B0F3E8E7A04B85EEC4B603F28A76DAB3DDAB6FF1F03E0FF0073F808A3ADB56F190000000049454E44AE426082, NULL),
	(9, 'Свежевыжатые соки', _binary 0x89504E470D0A1A0A0000000D4948445200000040000000400806000000AA6971DE000000097048597300002E2300002E230178A53F760000041569545874584D4C3A636F6D2E61646F62652E786D700001005554462D3800584D4C3A636F6D2E61646F62652E786D70006881ED9BCD6EAB4614C7F7790AC4DDB46AF1CC802180305182D3DE2CDC4649AA9B2CC730D828C050C0B19357EBA28FD457E880BFB0015F4BF77651E92005D933E7FFFFCDC739E3D9C4B95A65D47F65A53465B3281DC9FFFCF5B72C45C148FEA24FF024F3D83CFAFC91B3C78FDF9EFC8F57DF0AE42BF7C259D9AB244B5849A55512A785BD1AC934E053668BCF553392A53AA47C1DC9D75587F43CB9973C9E33491FE88A8FC950BAB40644274393FC2CA99868086B88680A516D6CD94497368FEC5E88B79307A1FD30FE658313DF46F2BC2C331BA1E57239586A039ECF10B12C0B6115A9AA222294E23D2DE94A498B4F6B93ADCF98157E1E6565C453A9FA4EA77C518E64F9426A3C9B7925D90E9416837A8E039F27684533440618F5882693D3B224E95416E5ED5B795A593CBD670C3DB0822F729FDDBEB1B4FCD46595CD79C98B39EF19FFAEBB771681BF53668B3CAE1738F0118B59229885D0914E5D19856137B3EAE9C5B155D423AB7AD63277AF73C422DB5ECE68C9F327CE63779D65F7DB69499E27FDF0254A03BE2C7E74D0717497111B8B3F57A4A2A1604B21DA13316DD514D9F813166FDC3059471E794C44DA07B4A4E7B81CC41EFBF0200ADFCF72D9471E7A4C26F65D5A9434F5D9DDD8150D83280A6CC3D2988F59A8E04B8C15531BAACAD4BC240A9DEA9AAA69F432A4D3DAF850DEB21E737F51A5C0C63A10D6CC0CCCA1363494C09A62855AC340A11A56151CFA6A887563482DBCB56EC85BD6BFE791388468FC8D880E9B16EA7354886478770F52B13E1E1ED99F87ADDB8E38AA8F8B8CE605ABAA70246FCB506E092A4D5DCD36F5AB83C6F5EBC4091C74D0DA2F8BDA1B78DE12B4E4FD8CE59CA5A792AC11D56F52F0B05CD29C5DCFC44A7FA50CBB14ADA546EBB5FE0FF6A0A06FDFB603E795D0FF7D07F6CEFE9CA63316B8682BDC369CB769EBD6C37ADAD668BBFE9CDD6FD2EE8CB816EB5785151D657A43677D29B23B34C6B7A667E8C4C063151B2621963136AFC990DC10726BE8BA7E6AD887FE0E3A6F748D49783CE6B938A399AB35D5FBE64ED59DE7DDE73C8C62E6160FBFDE4877B79E21C66D28EA80346D1A710D9FC0B7439E27B474A384CE18CAD29983F68D8DC8EAC7B83A28C53C685D08C2BDD5761CFF5C155BBCA8FB345C3F8854EF8DB6D97FAC7DF98AF6E58476DFF5471A95AEBA911C353754D59D61BDD28FE27ACBAAC91D371D47DF472B163F8F23B1B34535065533D48DEAB8AB53FAD22F7D6949D729D6B888AE6FB96873CD15376CB4BB6277D5E7F77F000210800004200001084000021080000420000108400002108000042000010840000210800004200001084000021080000420000108400002108000042000F9CE900B67F74FAB2C0D46F252BE72FF05C0B83C752C562C1000000F9049444154789CED9A7B8C5D5775C67F6BEFF3B8F7CEDBE3B163C776F023899D07D4099098D46D1221425A105450088F0241A211E151D416A8FA47E316DA42919A0A4B6921124A5D21D2540D8504510221E0884712934062278EE307F831B6E73D7367EEE39CBDF7EA1FE7CC8C03B424B6E391AAF9A4E37B7CE69C7DF6FAF6F7ADBDF6BE1716B188452C62118B58C42216B188452C6211A70F7FECD27FC80E5D71F542F7E3C5223A5B0D69D6F98338ADFFBB3F72F9D7CD4CF75FCAC61FD4CF56DBA762EFF6D7AD5DBDACEB15E327A7BBE3CEA43A5D9FFCEEFA3FD9F9DCE9B62767B373FADC8DDD54073F8BCD6F24EBF8885CF0D87D67A3DD2F7CE88D57BCF2C2BE4B0692233776ADE8BFA97BE55AA38945F28C7C741CDF3CF6A5E00EFE45D7DBF60FBFD8B6CF2A01B3D0C3D76C259ABC33283F33EDE51F95750F9E3CDDB6B65D7B69E7EF5EB7E28997BFDC6CE85C7111215D41BC7C3D2671B446A748920A8CEF231F7C72D7D448F299E5EFFBAFFF7C31EDFFAF046CDBB6CD6CDDBAF569E0C0860D1B1E1D1C1CFCC1CE9D3B1FF9E4273FF982A4AD87AEAD10D5B765A676D3F4F4A64F67959BA74CBCBA0F1B778A486A8C31801791265057D531EFFDD0F4F4F49175EBD61D111105F8D9DFBCF23D6B5FF9B2BB2A17BE566CD71282E980E6096C770FEDB17192AE3E241F41470ED018AD8F4D1C3F70F5EA777DFB055BE2FF54C03DF7DC63376FDEBC71EFDEBD57AE59B3E6E2388E5FEB9CABD6EBF55D954AE591388E77DD79E79DBBB76FDFDEFEE567EFBFFFFE4D22F2CDCB2F34172CE97888283150FD2044CB1111447EF5D5AA4A96651C3B766C74FFFE673FF18637BCE94B00EDDD9FF944D4B7EEEF831A633A2AE8CC28A6B38BD00E986A04C6C2CC107EAAC99E877FF4AD1F3E36FA895BFFF9BF9F3C63027E1D0E1C38D0D3DFDFFFAAD1D1D1DF53D5B74F4E4E4A7F7FFFDF19632A406A8C116B6DDE6EB7574D4D4D7D78E5CA95D4AA2951762F7EF80B9825EF473BDFFDFC4E88802A4115EF3DCD6693A1A1A147070606EE35055C9C1D789DCD86B6D8C8446A34B536C72609480E498C9F9EA479FC048F7FE37ED299F6DD5B3EF5F03B5E12020076ECD8F1D9CD9B37FFF9DAB56B8D3106EF3D711C53A8BA40ABD56268688865CB9691A629CE3942FB1754A63F800EFC07120DCCDDDB6C36F1DE53A9A4A04AABDD66627C8295E7AF4464BE4DF249747A1FA26DBC0AC323439CBFB213C5E1EB7534EAC88FEDDB7FA79B99B9EDE2376E1B7921B19CD634B866CD9A355D5D5D4644B0D6323131415F5F1FAA8AAACE49DC5A4B6165C55A8326AB21BD02DA4F83DD0AA50D8C113404443D00A201086870A858A0B44CD48D765C44187E08E3C7218BF0CD142735F5A1FDE0747DE203EBAFFFF8CF5F4C2CA745401445218E63ACB5186348D314EF3D5134DF5C120B7D5D4F5391A35806806912FF6DB083903D03D9EDA031F80A35DF85861E905E549612EB32AA663D463D626CE1F159A4BDF8FE6B0847FE8DD00EB4F2CE13B9ED7A6FFFBAB73D705AB19CCE43B55ACD49A3493B8C10DA39279ED9CBE4F0082178BC06C45A7A96C75CBEE57EA87F1FD2DF812030712FB81678E60F07E406C91308554453AAE96A92F36EC64F8F439482494022C4242015B015B2F3DE89CB9FD823EE17D7F5AF7DFB8B9EFFCF8800F3E8DECA935FBC8BDEADAF2674D678E2DEFB38313848433D4E141578D915ABB9FC5F97C17403BA720816C63CE465D0CF2320805708398842751AEDD88DCFF7A271841A03AA68005583AA01A931B0ECAAC1AE951F3DEDE04F9B006B6C4830D8CC113287C91D923BAC7A82282210E51EF214B24EC8057C80B681CC96042838019F804BC0C7A01654C02468E650C9514D516B8BFC1202AA802A4846CC647E26C19F3601C6D810A91065399A39E2CC9106C5A9A204C480F8002181D009212D2CE0974008104A0202A51262F0B6080C299F53081E34001630A00694E26F6241255B1002AC884608367790E754734745955CB598578362BD82461022F0A61CF1085C00A7C5E10D7829820FB620440062CA480B4B88160418830445A52040310B43807AE7C517B237B923C90B05642120125001EB43D1E9608A5177AEB041D0820C1F0A2B045B5EA3B81F035814653E5194B580082A0615458CC5C8021160A3448D0AB43248128C0B2440A2B3E3A618170A3F87003E07EF0A89AB963628C908521CCA5C9045C0A502F014B208A545A242FE6210637FA5043F270488186FA3B8F079BB8DF10EAB85532D14E7A1F4B306080E42569E87F253E7090A65C0B32460CAE07F99800028325BC0EA0229408CF106109783B788F718140B440A2A5A124039E2AE98E26683983D82990BAA4CEF0509625014D580E2E7AF63111502161150616108C0DAC28FAE4882A260C510196576E0CDEC0901B424E0D4E055417D39F595A3ADA512448AE0554B5E4A92D092E652050B4680E0B142F0392113984D4A3A97AE8A0193F24C1DF8F6BCFCE7022A093A5501E50B0A05CCA70D99FBCFAC35045DA86910639CA0689EE14DB18C55CA5CA6942358DEAB8ABA1CCDDA45C5E70212421110C2ECC8CE1DA28505CA06B4FC67AE009ABBBA900A6839C579340F04021A7C29D980963EAF74053C0368ED3590AC24F8A3847C10694C60453102464F2140757E712EC5F5E7075FE8623E78C12C9402C44891B7B30C7580CBD0D2D7FD1775F3EA3FBB9135AFBF1EDF9A806809E433D8F57F8C5DF30EDACFEC20DF771F491488A2D23273F22FED20A758633EE4D9B7CF5D59B82468CAEEE47939E28AB1F0AA0F5DC665B7BE159D9EC01D7A00AB4DD44F2112938FED86F83CD2CB6EA5EDA7693FF320A481280A18991B62E6F34028337D515D8A2882295D20942A582005A05E508277687024DD11D7DF71134B5F7519FED80FD1F604C626A8662035202FCBDFA3E8D1BB492FBD85E6F1C3E4637B918A45A250EE8DE8EC0B28668559D9CFBFB9A82DCA5E9C050B98DF7CCBAF792848105524CF89AACA96BB6FA5774317EEF077113F8331111245602B65428C115B4324C28F1D821048D6BE02D748C9DB8A775A26BDD9BAFF9419418B3DC3A2F8294A6529893067C102A745807A0D12141165FDA7FF80EAEA65503F8C118B447D48DC85A4FD40B191A1AE8DAA434313440883DFC39CB7192B1D64CD80CB9410CAA42752DA5CE7467A767D507C16C10B06C20229006B8244114BDFB282CADA01C289C7B05186B1A0F938A1718290E7A849F12D875223643348D48B7A839F3C84D82A7112E1DB86ACA5B85C8B32E179F3BDCEA50541CA42699E042367BE16382D026CA4215E11D1FFFE3713467E824D1224EA44AC454C0451175A5B8FCF1C1883FAE962E4F30C896A88290209C6607C4C9E05F296C7E7010D3A4782E85CA8CCAD14D5A0E5B96A58982418F2A0FDEFDC841FDF8F9508214788C03791CEE568F5726CCFC5B8F143F8E634121C26B244DD3D4812101B503F437080337809E42660E280C401130221CC4B5FC416DB60A50D04400427674EC08B56C08E6F2DEF68753FDDD9B165033AFE2CF82684069A4F108241BB2FA7DD125CAB51D436692762C0241D687B1C6D8C43BC1C6D8DA2F51942E6F10E7CAEE4ED80CF3D21282E08AAB33B4173EBCC53BA2CD8109D9BE5F01DDFAB6CADFBF08156A6373C323E32902CF98AAC717F0AB60ADA02495184D0AE13DA19B6732D469BE42E22A976A0A61313A568DE003F8D5696A1C7BE8EB6337C3B232FE48C8A476A86C458BC44109D87D5E9425D73338029E7074394C8B92160C6EB3BC69BE18F5A6D68647071FF55F8938F62428E244BD050ACEA9446316F8FFC88F6E420E2EB78E7905047A3118852A4F7524CDF65B87DDF40575D01710F1D175C44141DC4C4132009CEC4A4EE30B9FD2D5C739CA8AB56FA1E8ADAB8F8A2240BFEDCE480E5AEFDF156945C5F6F848B556175CFC5D8FC39D05E349B46430649172A167FE4FB4565683A31498A48A5F872234E301DCB30B52A8C3F8CACBB86D6862B09493FD23C4E3CB693A009B8463103B806DA1C2E93E26CE69FA5A0582E473639370A78CF0DCCFCD377D3370D85D6C3B161A03319209FFA294213E3EB600B7F8B0F480089BBD17C8278C59598FEF58499DD48EB04E24F427D1CEF3C99F653F547C9422FAEE352423360F4284EFA8AE0D51404D456A1C123C694CB239DAB14DBFE1C2900E063D7D79FBDE9739D7754BADBB7B99927915A37C67970BD48DC85CE0C63D22A1AA610691254485A87688CCFE0E3E5A4530FA2791DF5392E8B08494AEC8F103BB0537B7052C3D007A189F72D82E9C0FB80C1D27696244D30A670BFA0884D351299396704BCEB73CB3F36D19CFAAB93A3C2FE0BF7B169DD7BC99FFD0A460CEA32442CF8D94F8F666DC2C41866ECE7B4565E076605B63582CB720229D6EDC71B50ADA262A0D5C0275508C517A5647564490FD81A43AD8D2CED594DA5DA894A84F3C2A3BB76EB4F1E7FF8F89912607FF32DF0C1CF6FBABA4DE36E31DE445630C172D5C61B08E33F053702C12051407DAB28545A278088A4D20B8D49A47598D6F2DFC7BB06219B22681F924FA09AA01A1124469B5304D72EB6C14C95E072D4A698CE016EDFB59D6670F4D62E238E97E042C4F1E327F35B6EB9E553674AC00BAA0302721B60032091E53B870FB2FFF0D74936BE0FD3B50E893C6AD2223BC706DBD18998361A75E1B48AA9B7488EDE8F2EBD115DF566A4D287E68EE0DA0521ED514254258498607BF192E2A58ADA0ED47B46B2A33C35F665BEFAF4473878F271A6A6A6A856ABD3BB76ED5A7AA604BC20055CF58655774EE753B18903B53401E0915FECE1CA7E43DF9AD76256BC1E926E4C5AC3745E805DBA8978E546A43E8C668ABA1634A6311C23F45D8D247D50DF0D1E0206951895A8F83D801A308EE072587A15B91A1E1A7D94B4AA04718C360E20F515FFD859ED7BF7962D5B865E7A0214B9F6A98D2B8C346EABD5926FC4367EC862BF9307FDEA50BDF7CBAF08075B32F6F8A628C18AB5900D921F7E849947BEC6E45307A99DBFBED8EB711E9D9941669EC2F76E82BE4BD0C92709AD1C8D13887B08EA519BA02A988E1EA215D773726C0F7BFD7ED2AA218D6A9CDF75E54C333AFC99375F7BEB4FCF3478384B3F937BFC6BDB57768EFCF82D269B788D6B651BDB2D5D3199D57AC6589AF6AF5D2B9BBB7E8E6F0E4368E09AE384CE88B0EAB7919E8DE8D43384B1E740C04F0FA3C623512FD145EF436CCCCEBD77F0841CA435133133B1148DECD12CAFFFED5D1FD9FD2F67A3EF2FC9EF0467B16DDB3673C92597A4AFABFEF835366F7CDECF1CBFC4B786F15913354D58BA04597303746F045B039FA1D9389A0CA0AECEF4E04EB61F7C8023C39039A8D622108F44B46B69F5AFAFBDF4D5B7DF7CDD5DAD33E9E34B4AC0A9B8E79E3FB4D736796B3D97ED95A97D03E40D700D4C2D82EE5E58BA0A59B20E0D8EE05A1C191F62C7C1831C9A6A2346492BEA7A97743CD0DBDBFDC51E33F9CD6D6FDB73C645109C43026671DF7DF79D1FA6876FAE8DEDBE266D9F581FE793CB8C9BA9619050E96A64516D702C5DB6F748B5F73135B26724DF3B32DC3C3AD9F063C7777C78EFE8B9EEEF2216B18845FCBFC6FF00B8BD70662BAC98CF0000000049454E44AE426082, NULL),
	(10, 'Безалкогольные коктейли', _binary 0x89504E470D0A1A0A0000000D4948445200000040000000400806000000AA6971DE000000097048597300000EC400000EC401952B0E1B0000001974455874536F6674776172650041646F626520496D616765526561647971C9653C000001CF69545874584D4C3A636F6D2E61646F62652E786D700001005554462D3800584D4C3A636F6D2E61646F62652E786D700028917D52C14EE33010FD15CB5C1689C471DAA48D45406D4AB51CB242A5125C53DB50ABC4B66C7713FA6B1CF693F617D629A4A09582E58367FCDECC1BFB5D5EB7BAA23BEEC0863F0B99C3BF6F7F20102C870F491995BAE05BF1F360F8FDE1D79A1E763463F0FA0A5CB6A4AD75CD5D05DAFA455AD2E6B0626AC3893F776904C111E276399C7517E0B1BC0385321C24E128A011C6204D433C4ED2145F8038C2318AFC4E033C26494AE209F858D07733EC89AC16CB8F5E3ECAE1D6394D106A9A266C46A132CF086759D6D588E3C02302FB2A5DD506D29EF51516DC5223B4134A822EAE366AEF7208FB116A7D2A2B6D781C27A4AA466DA5110E23F4055896DF43EBFA84B66EC59FBE47DBF5ABE668C5ADDA1BCA3DFCAC236B52185E3965D64ABDF4AF78B7554ED9ADD2A0B84FC18F0721996AECF9115F96E4565A5749CA6F1739F499500846A6B3222B66713A2DE6238C6FE2D93CC137E349564CA6CB2C9E673D77A1E8BEE6D2F55CF6C99D0C723B2BBCB3B911BF395B1A5583E3C8440C6B190F6B79E7B2612DC920177931E8BF8FEE53DE3DDDF1645B1F9C8CCFA577BBF1B6FE0714FCF2D0F8E688A100000DFA49444154789CE55A7B705CD57DFE7EE7DC7BF729EDCAB2F5962CF9819FF58B4CE2D4314D20F698A9071A92BAA1C5694952770221CDB4A5659866503290A6A58414123209491A4269C76E204981E2D8B43685D804EC10634B96E327B2F5B224EFAEA47DDD7BCEF9F58FBB2B2B4C0013EF5DDAC937B37B57AB7BEF7EE7BBBFF7BDC06F38E89D263013DCDD1D4EF79D588B6472BDEA6C9F6B9209A912099868744A39CE2048E6BC89DC286726CF3A45CF458C0E75DD7C73E1727ED3AA14F99960661B8022227E3BC78D3CB2EB73C5B1BE0FD439E1E76D210891E81C64A74252515CD426DAA42D6320113576CC3235F58623E24F00FCEBE570AD98053033EDDFFBA1EBB537FFD3D9C99145B6953CE584DA3EB37ED31D872EE5F8D4A68F764EF5BEBACF5E3C7F5DD3AE274F33F3EBB949008CDE5E89975F68C7DEFDB380CEC3F4DDEE77DE027EF6D38FAF7C65DF67FF5EE8CE4E238AF74613F52F8F8F9DFA586BB2F52E66FEF0A55842243DB6C09A333B1FFFE4D67EEC7A1244C4BBAE5BD4B2E1477D43A5E35569570DE064E975D9B82C010EBFF8C946C5B1BBB41BBD412BEFFEC89CC6AFAE5C797B160098F9F6DD4F5CFBCCA1BD47D70178E1ADCE2522B28595293EFAD0DFAD7EE0F7AE4DC55363D73CD77BE28E67D62CBE8799BFF376DDE952F16BB9C0F1E30F84DCCCB93F536EF42F8BAEDEE968F3859557DF3DF87A924F3D72D5C7EB92D1ABD75DBFF3A6373BDF8B7F7D435BE781D7BE6167D3D7E6D79EC5982590CE0ACA7A1E0CA4D199DA17779DB45FAD4DB46F6F5FBAE6C0AD0F3D34F5EBF0FE55785B0230339DE8B96BA356F55F28E6D5A4EB5DB8F35DEBEF7EF98DAECE0BBBB7757899533F5BBEFCB6AE398BAF9F7CA3F3F6FCF9DC7B3A47D51D3C4982AF1B82E701C3FD6184A9881CDB10C2437A40607F8F609035D91CEDFCC81F3E7764F7DB5DECAFC2250B70F268F715E0C66E37AF9667F3435FBA72DDAAED445BF49B1DC3CCF4DCE39B0E76745DF5E5AE35773E0610B0778FEC6D18154BF3F3F858FC505816B389187879ED571FFFA1671542720341152761D2E781B1342605509CD4D0450BA1390C27493C7AC0F686473BB7FEEE93BD3BAA22C09E3DDD565CF4BD128BADDA6E27DA1E58B8F0A689B75AF8630F7EBE46DA8D6B56ADEDFAA76834998825DA1EEEFFC5C1E5481F5C2963CD564DD382B451058BDDF3F3990BD1DA7FD825A716D814DEF62924662D032070EEF076A48E3F8D3963BB200C233A8BA0A585C91183B1E396E7A8C645EF79F4B5D3810B00007D7DEB6A162FFEC91B9A7119FFF69DAFFD764757E796F90B57AFA89B5DDF31953A336F7CE005B42DF9B08111183B775838E1388C76A1550E46B944BA08F98303F096D643ACE8407CD662305B3879E43E88B171CC493D0182816331784A20354818533507930B5A37ACB8E570AA2A025C2A0EEEDBFD595BC6EE6D6CEFB08C2AC22D4C02AC21840566033606C673615883001009080820AF608C46B8A109D1441D8AF909A4C78E41F43D8EC8E4BF0046C3960C648002CFDE3DD8B4E1236B6F7AEC4D2DF152202AB0E65F423C5EB753DAB2989D1887F2B29092618742B02C0B60058281ED4838B605DB96B0244108808D072B1E831D0A43480B961546DD9C2B50E38C42D880ED3008847CB6F1FBFACA5BAEABC4E281002C8099E59963AF3C1F8984DF2B2D01A315882C9090D09E0B660368ED5B031B8001360058423821C492F5909605E5E6C0C685F9AFF570F5799004331ABFD1D4F2A7B7D107BAD55B12B94454BC1720223D70FAD51F4A29DF2385250459202100088019462930B4BF6A61FB0709FF4D3A0E8808605F15CA0D03C5118888C55EBCF14BAD9B5FFB5B223295E41B483324ACD05E225224A403A6920004E82CC01E40E42F10004020E16FA59420F6C08A61940B4AF5C278C270ACFDAF5A371FFF4A10D560C563000028A813C6D0241B80B50B56790821C0C531A0300C2125C88E808840AC40BA08017F6BB406A4036987D8CD0F15BD78FBC79AFEE0C4FD4195C28108D0D6B674C21835ACDD2998FC902F0001C24982EC0400032203A1F3205304E5CE83B50748094C670BC5D4B6F9D6963F3AF558101CCB084400009A8D370A68901D07D911DFE775DABFFAEC429802880C4890BF4FE62C0400E1A6C0EE946F395EFA5C40FCA611880044C42AD377C17819C0B8E0DC59100C8474005300B9E3209502710EC24C81F404285AEBC70736000918E31916B58341F09B8940822000908C64A13D8015584830BBBEBFAB49F8BA4BC0B80059204B029C031917ECD480DD299862C6184199A0F89511940B4038097F522324841D0789108804883D40386061F96990080406E54701180006242C8024C8F502E337CD33A8131BE54648DA201906C9527E172180A4BF6822F8F98FC04202B0FCD44802242D000CC59E1D14BF32825358BBB500005600EB69DF66ABB6B470F875A8107EE48F35022030114004666511737B60FC4A084C0016320CF2CD9C55116C14488640D201402551D87FF9FB834900A56CCF00093BDC1414BF3202118099495AA166B0018C01C910A05D904AFB0B0781741EC29B84D00590CE83FCAA097E8DE01748306A4910FC662210014E1D7CB69648745271DCEF00ADB06FDAC6005EF6E24F13009210EE3848674B5D11012421ED3888795110FC66229034E884D46A328890150149DB0F7832046327000D3F13E8BCFFBDCA02E480840D52538049F896408288CC2A66A6A0CA6020A842C80E2F16C444A13A082B32A3C363BF118200190FE465FCC028226048B00C0160909701B181D0B9F6D347FEA321088E6504D30D4A6B8D9061415280C0D3810DA6DCC61338341B9A240094E6020630FE67B66A208C015931C72EE4DF07E0F1207802015800339345E25DF0AF3B18A59C0F80C1A5770693BC3814018349808D023383ADA81F38A543E4C437569AE34C545C80A1A183F5002DF467002899BD9CFECCCC17BF9FFE0EFE64A8642D6C14841502204808BA66CF9E3D8195EC151780F2FC6E621541F9AAB306090B42D830AA0836FE6094510A0BC0B425B051809080906002A4158124D1DED164CDAB34CF322A2F00F40622395DEA91F00B1F559C9C2E82FC2B5D2A804AFB010033C368D74F978641320421C80AB1B7B6D23CCBA8A800CC4C46AB652C44D9E9FDB2971900814D699CC7A5C5B2994E0EC618FF3B2F0F2E8B242CB01F41965792E74C54DCB704EB283181D85F1095CCDBA8C2C520C7664619ECBB831F0B14B42A401A5D2A92446943CD95E65946C50530469131E47775E4CF0435842F40B9296206584FC741A0240A09B0567EDC6059AA0C01627ED37B9097838ABA0011B1317A808D6666ED9BB4CAC37859BF2B347A5A043FF21BF8FBCDB008D6D08514547E1CC62DDD8923D15B499E3351F93AC0F0F35AB96CB4021B0D361A4615608CF2A37CC9D7FDFF5DFC7B3A45B281F1B2BEC568170031A47CA9D23CCBA8B80052881F2937AFB5F2302D822E02DAF5CDDE78FEC28C066BCF17417B60A3A72DE0A28B1830F368536CFEFF1F019A977EF06C6E22FD3DEDE658AB028CF67CBFD60AACDCD2ABE00B511641BBE0F2E0C46830A62B446683EF534B4BAED23CCBA87C1D40C4ECD1DFE4275203AA90832EE660BC228C7261B49A2E868C724BC294B7254150720F36504AA58C63FD63A539FE12DFA04E7C74CFC3EFB704FDD809451C29FD74E65F6175F1A668B94B220192126485FCB658DAAC412E44646BDBB26BFE3D288E40C04F8AF6EC7CF06649FA5B4E2824A428DF0FE452E4D7D3791E96E30F4E7D015831F7C38ADFDCB96AF39E20F901557854F6F053F7DF6049FD75CBA2062A753D7E9BE8F93F2F2D483B5A9A1A09AD991EB6E2B3EF9CBB62F3653DF971A9A8CAB3C27DBB1E6C61EDEEB42DB3DCA81C95AA3BBF4C1612428660C856ACE9530BAEBEF5DB414E805E8FAA3D2CDDB3F3D1055AEA9F871D1383CA425A0E84E5C080612862942B6F5FF2FE2D5FAE169F3202BFF352C6B24D5B4FB8E9735F9F984863D28D229D4A21E75998CA6A9CEB3BF8F4E2DFE9FD4AB5B8CC44D5040000136DBD2F93A3C9E3AF8D21B17013646D07B299A1BC13E2DB88BA2BFAE4C7FF593CF5C8DD3B0EBDF89CC967739C1EEE374F3CF4F9A7DE493E55B5000020EDEC1F397D86B5D6F0B48D91F1E24FABCD6126029BB5BD1146CF8D8EE7DD33545BDF00321A7531355E6D0E335175015AE62D3A59D7D2ECD535B43A50050C1E67596D0E33517517183CFDF3FAD4C8100409A44686B59DAC3F556D0E3351750BE81FD877E36431EFBCF4ECD3689EB7E0ECBCAEABDED11850550B606632AA654DBCA60543A3C73032DADF79FEFCC1A33FFEDEBDB16AF29889AA09D0B36387F3C55B6EBCA5B17DC1DCE68E4558BEFA83686AE82427525F7FF4D543F7F5F4F438D5E232138196C2DDDDDDE2F7376E4C4E8D9FD824ECD8D65F1CED7D6F5E6513A69045762A056D0CC872B070C96ADDD132FB6C7A74F0996241FF4FCB6FD5BDBCFCCA6DA7AAD1130422C02B7B7E901C1A387B5724165B573B6BF6C2333D3F49D435CCC7E06081A44568E9E842BC3601DB71503BAB0E52A570FED461E670135431CB9159ED1948F1DF2303BDDFDCF8A14FEC0A8263198108F09FDBBFBBCE09C9672D78A1D1A171CA662F60F8FC10EC9A2406FB4FC3CB12C2E11862C9246EB8F1A3981819C0D1237D183C7D048B56BF0FADF396612A33C4990B4329AAB3DBB66CF98B7C103C8180B2C0B55BFE78DFB7EEB9FD9B5E317F9B7022488D8FA1C82ED66F5C87E1D606F49F3A895CB6080A1944A3710C6985706416484E6068E810880AC88C8D1060465A8BF303ED11028B01CC4CFFFCC54F7F223D91FD5C34D9D6D6D8D241D9D428C5EA22CCDA50346A235A93643023939AC0D099418C8E1D43734B172E0C0F673DEDEE883535DFF1993B1F1C0D8A23508579C08E1D3B64347372D5584ABDFB74DFFEC54B56AC6BBB62D9DA704D43526AA5DCD4C8B075F8A597706EA0FFDCDCF9F3FB9A66371D309A0E6CDEB6AD80D2BDD36A0E487EE3F0BF942640E27AEBF3740000000049454E44AE426082, NULL),
	(11, 'Прохладительные  напитки', _binary 0x89504E470D0A1A0A0000000D4948445200000040000000400806000000AA6971DE000000097048597300000EC400000EC401952B0E1B00000BA449444154789CD59B6B8C5DD755C77F6BEF73EE6BC61ECF781E7E8FE3602771ECD4699512A78447A5A489835451A74D40A5AA5A11F10951C197F205241E111542546A28DFF9401A251454B5690AD1B4A69400A6C16E2C92F8FD989767E6CECC7D9E7BCED97BF1E1DC193B55FA89EC1BB2A4238DEE63F67FFFF75A6BAFD715DE07492726BE60AAC3BFE4F36EB9977464C593D69D6F2762FEE2A146E3C220B144835C6C434CB5F2675E752AE979EA89E3A62AF379462B92CBC09F0F14CB2017DB1045B689B5A4281D55BA283D205546078D65E004BC0036EF7563199F42AA558CCF89BCA3AC8A115B1B349E819BC0BD1313D595C9C9F991878EEF4E9717C817E6E8B55A74D7D628CDCD37078D67E004FCCDD34F67274E9CF8DAEEDDBB5B57AE5C99989D9DAD78EFE9743A8FD4EBF5EFF1ECB383863478999999A9FCF46B2FBEF8E2C1F703CBFF1B397FFE7C7966666678D0EBBE2FB7C0BBC9C183077B799E1F19F4BA03F7017FF4F9CF570E3EF248B53137175FFFF15BA215E7BBAB9AA5BB6AB9A87C1C786D907864908B4D4D4D0D7DECC3C7CF4D8D8F4DFFF8BF4FB33A7B838F5594FD55F8BBF598E53CD76673FD899E732F0F12D7C064E7E4CEAF3FF9895FD5837BA6B524A247409F2BA3EB7BD0BF1A46C744D4187309D832284C76500B4D6E9FFCEC9DBB76FF69DAEDC8F9AB17D13C671CD8EBE0E712381EC3A11C4EAB8CAE0B07811707816B2004C471FCA18F1CB9FF1F7FF9F843F1B9FF7983F5769B3C4BA900231424547B30ACE0803322879D9144557F181ADB2008880E1D38F8F2E73EFD1B7B5C2FA1D15847515656EB0C01A3C03450A1704811705E0C37D1873DBC00AC840417FC1A1CAE0D3FF3F8AF3CFAA1E9BD7B993E70272363E394CB15620AF61DC50E978026050147D5338A94AD317F1C1A5F6802E2C3771DFEF2B1A3F7B1656484E12D236C1B1D63756D9532420C78A045414203C88009940380553D09DC1112605002ACB59F3C76EFD13DFBA6A729572AA840B952A1B9BE8EA5386D0512601558077A147E6144610B5863CC1743620C4AC0E8D6D1CF7EF4230F50A95688E28856AB85B1963C4B311436EF2836DDA2D0802E0529E3408C60E1D743620C4940F5F0DD871F1D1E1EC61883A22CDC5CA414C5780515C153109002EDFED3E93F19858314B8A3542A1D0D0532180151143DB87372AA3A363A462F49C9D29CA5E565BCEA66FCE928369A2374103A18120C19963642155044F23CFF78289CC108886D7CDFCEC91D743B5D5AED169D6E97F5B5354010119442033CE0C4900009111D2C2D0C5D8452FFB3028742E10C960CED8F4B696D6909E66EE02A65BC11EE191DE5EAA50BEC15219222F099006AAA94106A781C82439992E26A9C16A1A3667E161F046730029EEFB6B25DDFFA2643FF768AF281FD100927EA75F4C63C499290A0B4289C5E178F03144F46712B7415D68085DC336BA3C5BF0C8433180116B889F03682365AD4E28847D1FEBB029B7FBF537CFF1DED7FAA845029DC451009468003EE34C23DC35518DB0A5660A9C3C6F6DE6DFB1B1BDF10A17052D6F930FA4F40023240558B1DD586D1138FA3FF751AB9F12D6ED700054AFBA6197EEA295C9260774C517FED35747C82EBA74E51BF7809B1C6E1C22841400D30BA71CEFACC6FC13FFF13C431FEE187E18D73C4C77F9EF2CD2550A83CF929EADF7881B45EA7F1C64F98FCF21FD0BEB948FBD2450AB2AC2F287DEF25180106AFA8418F1C81AB57D0C71E43B31CFDC129ECC993D0ED907FE52B6C7BEE39667FF74BB872096DB719FBB54F91CECDD2BE7001545104C5BFBBC3780F241801BAA1E30F3E084BCBB06307B27D0CAD9461C70E746E96DA534F919E3BC7D6CF7C0667048D22ECCE5D74E7E618199FE0FA0F8B7280FC2C8FF91E48D05C40053016CE9E45BEF13CF2DDEF62C4A02FBD44EFF77E9FF27DF7D17EE51592336728EFD9433E3B8726094347EE256B36A15406C012280820A0060808274FC27FFE47A10537AEC3D9B3B07B2FF47AC8DEBD34BEFA554AF7DF4FE3A5BF4746B7D1F8FE0F88E7E7C844589C9941D31E5A9C51300282698007A33B2691BFFE1AB45A6814E1F7DD815B6FE2AE5CC7233813D33EFD3A76D76E3A6F9EC78E6EA737BB48F7F275546168DF3495EDE318EC07CF07E420FEF53368B9823CFB2C72E9127CE7DBC82BDF23BF7C095696C95D4E06F42A5564DB36B45A45C646D972EF5D4C7EE173948F1C65E1ED0BCCFECE9742C10CD7179831E6B78F61BF3E7CE810F6E94FC3DD7741A98436DBE4F515B2F9053A972ED2BA314B6B6181EEEC0D5C969152A4C75D8AFA4067749C8546FBC93F74DD9742E00C1808599BA9228D067CE7DB30F32AD457D01B73A4AB0DBAF8CDFCBFD7FFCEED7AAE14869FACD6C19643C10CE703329C6DABA25E2177E01CF42343ED87C23FBDE18DF8F0F627051A36DC35184C039E199B9CFEE2238FF3E1FD77303AB2856A14F1FA8FFE956B5AE262F31CC6396294ADC00EA45F243578842ECA75E0DFADF0B635649AEF0D85331801AD5EB7B7682C4BA3DBE96CDD0222BCDC6CE2C6273845D107D80AEC024050601483A130893AB0312FE354838DCE043301E7DCB5E59525144F1C451863B0C6D0EB76F15A04B81B556141898118C5A2447D8DCF10AC31A8EA42289CE14261D12BCBF53ADE39226BF12EC75A8BA8624430FDC53752DE0A60D1CD6B49012F0AAA88C8B55038C32543C65C5E6BAC91A629BD5E0FE77D91D759BBB969039BFD810A50E6567B4C2934C0AB1245D1E53CCFC3E00CF25F8166B379254F53B7BAB646966578E7B036228AE377684044A1FA15A082524129F5CD23117068962449300D08990CF5BC30B7B6BE86AA628C218EA24203A438790B94801828A394FB9B1740047C513DBE0184397E026783492FBD927413F23CC77B8F8D2C2098A2D4BDA9FE25D8D4806ADF017A29CA6AAAFE62488C4167841A8DC6B5344DF12EC75B431CC50088DCE23DE2962694B8E51433844C04E77CD0E1E9A004A4593ADF6AB7C8F30C638472A9048011D90C7537423C4B610A82E000112D7C806A5002C2B6C70D2BCD56B3507F6BA9942B186B5111328494DBDB63B7C2DF9C7E1EA020221F5C0DF0DEA7AA1E6B2CE54A8D6AB5868D221C858DB7B54886D6114630941014A585D01248BD4744824E880425C08A1DDB3E3E4EA556A33A3444A95265CBD651C446A4141321CBC05C3F0FC83080B2822741510502DDFF1B1294805AADF6F0EE9D7BA80E0D13974A186BA8D6AA28424671FACB081511720C752DE2839B185655A91A685A7B17CE051B960AE603B66DDBB6FFC0DE7DBF303139C5D0F030A55289A49760E308A77ED3F6DB282BAACCE2B98AE73A9E164AD97B6ACE63E0374361849045D15C1FDBB373B7D9B76F1F7129C618C3DAFA3A8D6693DCFBCD5B2003DA0282A72382287894448B47855FAC542AD349925C0D81339C0908C7764DEDA29724A4BD94AEEBB2B030CF7AB381570FFD36780E6462E888908B41BD27F34A0F252FAA279265D947810F1A0166977339F5E565BADD0E79EE58AE2FD36AB5DE91F139C049BF978892AB92E1C9D1DBE38460F38CC17C8035862C4D98BD718DB57A9D56B3C19D7BF7D34B12ACB16C748805C8558B5921EF49D5E16E2B99F5C9EAFDAC75FEAF12D204D63B9D0E7114B3B4B4489EE7582344D6604510BDD51DCEB4189831AAF8FE996F4C910980483B14CC700511EF6757D756A9562ABC75F16D6617E6387CE86E8C11864C1109E6FDCC2F431155E2FEACF04692544C8D80882C86C219AE3DEEF5AD85A5457A79CAD9377F42ABD3A6D34BD8333AC690C29A806801A0AB45F5D7F4ED7E8CE286480184469665E742E10C381FE07E34BFBCA8DD5E473A9D0EEA1D8B4B0BD4AC65493D4E0454B114D79EA750FBEDC0144584583404E555D060E16030029ACDE65B3172DA0A0F38F54587DF3BAE2FDF248A8A5038A708879562F3631493E36FF6DFCB0031E61F424D8704975AADF6C4D8D6115F8D4B5A89AC0E59AB5B63ABC3B59A5A63DED10389413F093A79DB6B027340D05F9205FDBD409665E74B71796AA82C0F546243A914A9F3FA16C6FE4BEEFC3DAA8A4130881B8BE3E7E745A66EAA0EF5BFBE023C015C098971203F9ADA56ABDD6FA3A8943877A5DD6E2F02B61495FEC4A91B478963E1D5C4B9BF056C1CC7C7547534CFF33314B39241E57F0119535587AB8DE0760000000049454E44AE426082, NULL),
	(12, 'Чай', _binary 0x89504E470D0A1A0A0000000D49484452000000400000002C0806000000D55FBEFF000000097048597300002E2300002E230178A53F760000134F494441546881ED9A69B45E5599E77F7BEF33BEC37DDF3BE726B9F766262121811093180C22C49244538A96292CA4A8EEB2B4144B8B72005158B175D96D698962B95697437595432D97ABB14124A04CB14020246482CCB919EF903BBEF370A6BDFB03C446D4869284FED0FED7DA1FDE739E7D9EFFF37F9FFDECB39F75E00FF803FE80FF9F215E2B475B8E6C714F3F7E7AF692050BFB3A3ABA7A94529DCA888C50228D94264992D82449DC6C86B572A1303135387872E8C4897D1FF8F4A747CE27AFF32AC0D7BFF5F5D9AB2F7EDDDB3BBABA5FEFBB5E7F7B7B47A4948A00ADB536524AF3627BADB594522AADB5238470ABC592D78C821A869DA746067FF1C8AE47EEBBF92F6FAE9C4B8EE745806FFDDBB7BA7DBCCF5EF5A62B5FDFDDDD330A948C31819452BF6062B4D61A302F8CB338FB5B002249125B08E12749924B92A47D7C7CCCDFB973FB3D274F0E7DF1A69B6E2A9E0BAEEA5C3CE4C578E8A187DA4D237E74D3A66BA765B32DFB8510C34288AA10220684D65A0921E40B431963D40B3C24FFE70F4980404A5937C6949552052144D1F7FD68D6AC39AF8FA2E886850B17FEF891471EA9BD5ABED6AB7DC04BA1B57EEF656B2F9F668CD9ADB52EF37C5079634C8B94D233C6D87114299324CA6823B5D14222400823A4D042A84428114BA522AD75534A5931C654955265A55464DBB6B772E5CA457B77EDBA0DF8F0ABE57BCE05C8E572FAC0FEFD4E474747B7520AADB5532F145A9BA3E399B85C71A4655BB6E74A11842A9E9C9054AA482190B68D746C235CD708CFD522954A64361BC87C4BD5CE64A62CD79DD25A6B21444A09A12EE8E9BAE85CF03DE702F4F6F60EC76194DABD63C7ACCEC9B19ED61D4F29ABA5D3D55A299D4E4BD9334D443A16CA7160681026C68410202D659492084B21958500A3853091EDC68546B5E770D8ACCFBB7A7D6C72B994EBA6B2FDBD7D27CE05DF732E007022D3929533C269E9AA7253A7F3C32263EAE8B84A46F8588DAA4048E25A8DA85A25698628014A09A1D02893A06A2554A36A84D11837A562A19C74B6335BDFBDD7642E5B2B9565C4FE8387DF552A4C61396E398AA267EBF5FA8FA74F9F3EF11F257BCE7701634C7A6C6CAC3C3E3826CB8363CCEE6AA516C6502C900DAA98E1419AC78E539F18A7592A12EA98D8924893A0FC146E3E85F27DD2A92C7EF70C642E8FA50D43B500E93A24F9569C8B169A81834783756FDD500C826052EBB86EDB6EB95018BBB5B777CED3FF4F05003879F8E851CBF3E78EEC1F202855D0C6E049989976B1D31EC2B2491A4D82428968AA48D26C60A22634EBC8B08E4382E528AC7C1E635924B64BDDB8082960C17CC69A0D53167A68F9B2E577DCF2C98FD5CE4C4CBEE3C60FDDD87DD99ACBA6262727AF9B3367CEE82BE57A3E96008D7265977374606E9BE550F51C9430F4488305E8520D748C6A36A15AC3D44A04C707A89F3C4A128558AE8DEF7B783367A2FD3449BD41D635C8161F6FC60CC6478688127D263F67CEC59D9D9D932FB8FCEECE5DBBEF7A76F79E2ECF73AE01FEFB2BE52ACF870056CA7D3A2C1531777C8A965F6E213D790A1D07684B216C1B6139E85A1D532993E898280948F259E2961472DE02C4E2A544DD3D44CAC66E6943A453A85A91E0170FD052299A59B3FAEF59B56AD5E48B5C36DEB67EC30FC230F42CCB59F81FE27AAE82DE73D7F76796F6EF5BE176F546433FFCFEFAEAE0304B94443DF973E21D3FA32A2CFCD99760FC14645BA81F3D46944A13F5F6A07B6760CA5964B386C8A4499A0D54BD8AA335C9E418952846B577202D6944361B7A1D9D3B5EEAFF4B5FFAD2CC66B3292CCB8A5E7301F66F79E0B6899F3F78DBE8D6076D419D74DF344EEED9C3C2D5AB31079EC44C9B4162129A8551E494851E1F237E623BCA1258BEC0B97439516598A45AC65BB00A916B279C1C4177F7A18DA671F269FCCC1A949537567B672DDFDFFFC1388E972749F2781CC75B0B85425710041FB16DBB1C35A3A75E53010E3DF1D83595871FFFACDABB4D5895614EF909878686B0ED26971EFA257E04A9B00EA9761A937B90A450519A5881920662A03049581EC68420C64E111EDA41D228A1063B496A15B41BA2C63B8C3FEBADC6EE9F1549294363CC5C605592245F1542F8E2793CBDFFD0FE7B5E53012AFB8FBEA7B66D8708EB82B14569867B3B39B3E3592E94D01C6B906888460B384E11D5D549501C826A04CEF32FFC0843347A129A02A914E1E1015006A9C08C8F233C1B1519549220FBE7E27476B9C6980E205FABD55A8D3159C771A4D1BAD26834862EB8E00287E7657D4578D545B072EAD8ACC2C428226533E17AB4BDAE8DCE543BC7B4604443F1824E8AD35B8862839E1A47940344A8310EC4162416240D8D102084460A83259E3F1D294BA064822D0C765BB7988A42E9786E3A0CC39E4AA5DC678C69731C4738B65DF67C7F3C97CB5DE479EE57B73CB5A5E595F27FD9D3E09E9F7D373D6DDEB264EBD6ADE6A5F7262626AE9A1A19BEE5F4930F8B7A7F3BF3175ECABC2BDEC3C6B77E800523231C9F67D37C4B8EEE074EA37C100938212804891434243415C41A120D090621C1B2C028C002CB0127E323DEFE7E1A9D3D540FEF93E9DE59B6653B8EE7794627BAEAB8EE846559252965C5B2EC56C73897DFD97AE74FD8CA6F707E297EEB8BD0E14FDF78B93531F1775198AC8DEAB5364B24653FD7F28DEA559B362FDEB4293C6B373A3AFAD0E4E0C9AB1EBCE5136CFCCCE7B0A6B5A17D0713C7049521B6ECF904C943A7593A95A57D748C54A981AA834C04B82E91303483002B01DB3CBF1E63403BA01CB03C509EA499EE2498B504EBCC69528E8DCA77625DFD27A665E37B42CBF5C794526784104D634C648C89E2386EFF9F77DFFDF91BAEBBEE65EBC16F64C09EEBFF289D2E8FEC92270E2D55C7F7F95EA58055152EF591B57AF078F7736D471F3871023D3E3E9E9D9C98F8A6DF92131D4B96D1B36C094E3A45AC23E2B88A97CD51AD3C472232306B26BD2309BE6C4165BA20DF0524D8A68E501AA5242A9FC2E96C07CF45A66C625B93F20563B14BB92AC8D78A64854246114E58C63EBE97CA819D3AF3860D4DA1ACFA8B428800512814DCEF7DF7BB3F7B39017EB308F6CF9DA94E0F64DC7406D56CA07A66A0B22EC16891CAC1676EB0BBDD996FFFB83E71FB37D71DBC66C5E744D8A872C1C24B49748263C758CDFB69369E46B38E0573FE02CF7D82FCBF0F916B6B60DA6C92E121644B1B717727CDC20841348EB65BE888636CC7C34A7B94BD34B504643666E8E030995A483156D4DA35195792920A6FC55ACCB66DAAB87DABDBFE86AB7D630C8078A1CDE6A73299CE970BFEB70AF003B9B7EF7D328F743474D8C86892A429B15255223F70B37DC906E92549A1B14F0E9CDA856E244CEB9E4936E732583C8AAEDD47A1B28D89E7F6B074F97F21356CD17BBA82552C808C307E9A304C208A512D6D0C8D37C9D6EA64EA06E5C604BA46EE7517E2655BA98D8DD379691FD583FB298C4FA18A1E32DB4434149967B6137BAEA81DD8EE74AC5DEF73B68DA6B5AAD7EB694BD90FBF12017EB504366FDE2CA7AF397AC7A9F1839FC834827C4B6C234A251AD512F5428DA930615FB1CAC00A4862295D3B230AC55166CDBB98D75DFA26D2D93CC5F16D9C19FA29E5629362A98C74FB197F7A1BF9D1128EB1B09D18D53E13BBBB0B35A30F357806E96AA2B04852080942089522183B4330512131752C95269DC9726CF024C37603A3E07822199D382374C6C5F4F78BAE15EBEC42A9903A7AFA584BB5DEC8958A93D9070E7EEDAE4BD7EBE23B6E5CA31EFCFEC1DFD93AFB950057BEBF6F7523A9FD53A5586E7DAE3645E5B9290A816630A338D96DD89FD3EC6BF1194F07D8C2674ED70A2E59B28189D3A38C9606E9EB994BA815A5DA205EA695D6CE2B19389230B4FB71E6A84EC2B80193457475128541966A388E265B29F25C710A2B3244124225A807090D6908234D23AE1384650E944B14A4A662345AD9D4DD98D0B3E8BBE67D4A673BEC63C3A7DCD66CAB9BF13DFBEE7DB7CBE1F0A965890A3E5E6B1E0F576EC8FDF99FFDD5D5BBDE7DED6AFD931FEE0A5F2CC0AFED02DFB8EF13D39A49B8220AA6AE1938B4F5BDB19C722AA64126275012D24E270E1D0C1D390951936BDFF90576EF7D0CDC88793D6B593EFF2D78AE43A17C867FFE97AFB27FEB434C8F147FBD703149ECE39546C846211E1247298474084C85AFA8904527CA78B60DB1649AB649774EA3A22B449661A2516767B9896B09B430641524BEC3FC2BD7B1F1635FA750291B4B288C08F8F1DECF88298EA11303224447551C2B2A56C79A767B76EE9D9313F5BB674CEB3974CBA6874ABF9601005B7EF044EDF223A7168F349EFD94D55E4F3B1D8696768B74AA83BE8E37B272C9F57474F4516C9CE2C4C1297A672EA1BBB79723BF78FC713FCE7E783CA8761F19DE3B7B60F04966641690CFE5104D87A9A961729664328AA8850D626911E8888669721F45760C56E9CA285A3D8B1409416298B02362A598A449D7B51FE4D96347A84735026308521EAD2BDFC015377C12C74E61122D26E2E362C7897BC4643440AB3B8BEEEC62FA5BD7904BCDC196394F3959A73455595BAC9CF94F816ACC78F3BBFAB63F76F768E5D78AE0C7BED7B579C4D46FB71C072F2D889310C7CC6051CF46300E474E6CE7D4C9A31CDA7B82D6CC6C3ADBA7939FD645C792055FFDC8FBBF732F70EFE34FDFB7299FFEE3DB95ED2DB6DFFCE704B53A3FFCCE9DEC3EB213D36C207440AAD6A0C75294DB53EC5BD4C3F8C9D39C988AE86A7598481254CA26323149D4A0E36D7F4A73FA1CF2ABAFA23E7A9A458B2F64C1B295F4CFBD10A51CF61E7A8AA62C327FC1852C9B73D5B1D468EB40CA4D5F6C5BA98E2431226DB5D3959E8B3D2D4B63DA140FEFF8272B68166EA848FB426358F5AB25F0F97B177FA6C1D4E7BCB44B1005C4498C8C5AB87CFE2D84BA49B551E4C0D15FB2EDC94719DE67B0639F966C8ACFFEC3973873E6F85BAE7DE36D3F3F5B57662F96B7AE5E71C535CB96ACBE64F9D25538968D8E1268D4D1E50A5171924AB344BAA78B23728063DBC7C9166AB43906657BA4F32D64721D742F5A487EE605A07C0C06C77108C38842798A9D07EEE6F1277F8AF14B5C7FFDAD5C34EBCA461237DFB8A4EFB2ED00F7ECFCE2F438B257C5265963D9E9358EF217194DEBAE430F33347E0C3B15D56674F7ADF85506682B4AFBB667A2241446C754A7AA2CEC7C1B96F409E398388C06C60B470EFB1DF17A3BAD691422DAD23680B6857C96CDC8CB0FABF756A7CC97E7CCBFC8F35A747622F52CF71FDC41A28BB4A56612571AA4821417772F67C6B47EEA46D02F96B270433BC6188C4810C62095C27153182493D50AD5DA1085CA1085E008A313A7387EEC2887F79C268A1BFCF17BDEC1E2595718A1E45F2D99FE7CF0006F5F7EF330F0BF5E1800E2473BFE5BCBF245CB33DDED7D0B0F151FABDCBAF1AE8316C0A7EE5CDB99E8A9771A8D1046501A2B72EAB984B7BD772D5258DAD2DE3746ABF54F255EF5736ECA5AEFE7424840E50A2451BCE35D977F7AE45D1F4D2F9DBE72D15716CD5FD7AE6C6886356AF502B5FA04A572C02407A8AA228562857F1FB88FFEF6055CF79F6F23A934387A681B9303A769AA322A5744BA31C611D4C202A363673873BA82303EFDFD33181FAB30393589CA84B4F839DEBAFE7D28257FB6B0FB921FFCAEADEE05984D2B6E29012560E8EC450BE0BF7EE4B189DBEF59A803139B4AB12826870557BFFEA6309FEE793088922F6CB8F8DA2700FEF26BF95D7EC62FB4F7D25A71633A7A1541A3F6138065975CF9E5A58B366C31C69CAC36264A51506F2441332E25A7FE36EC282D8C4499241591CD6ABC92A6A7A713CB7749D98696DE9091FA7E0687F7E1698DEF3A186111591AAB25A2ADD7C6C41A996DD0D393215D08183B54C4D46C5AD22D4669F5F19709FE77E2EC1230B5AAB8DA56DED773FEE2ED4BD6CE7FF422D9FDCCEA79EB1B2F36FECE478BDFFBE83F2F58969A2DDE696635FB3CDB7EE4B9E35BBF630CE2FEFBDFBC71C3AA0F06676DDFFD235457AAFB0EF2B2DF2435A48E114A2085222A6866CF588910500B26CDD1230FDFDC31AB637A3D6BFF6DDC4CB05336582E9601DB8FF1B3312460594D3C3FCFC470837A11D62CBF1CA1ADBBE6CFBC78DFEF2BC0EFD516BFE28A2BACAB3E94EDBD6DD3BDC77F97CD87BE3FE34FC884FF231641A6110634EB3151C5501B324C1D81257396F1E1BFF922515CBE63CDEC77FFDDE6472FCE07A591E36154CB078D18E1D848CB824460E2105B491CDAA8068A13078639F954C885CBE7D56EB9F1DBCB2F9EBBF6F0EF2BC0EFD510D9BA756BFC7F0B1EC016B93726B1958EC2048CC69292A006678E41711C8E1CDB4BD02C90F35ABF0DB0F94DBB8BD974FE1FA56D830D49181354EB247113C715C44192448DD22775D3FD6636DFDE68EBF38CDB9ADCFC6A8287F3D41607B050FFA26472D876B5F17D859B3628D7A063B01DF072867D03F76E5FDCB36EFFD939B7BEF9D0ED9974EBB396EB211C30C2604C82D13171A4656C89D452FC0F3B6EC7F455575CB0FE5F6F3BFA8D57CFF33CE11FAE7BF6999B7E34F3AA188E6369DB52827456D0D266A885D03E533034F4D4B75E32CD7488251F0DBDED5F6E0A6B796247848D802800654BB29E7DE803D73F130145E065CFFAAF04E72D0300EED83438E4C9F4D794502801E99460E68592DEC582EE5E3F8846A7DFFDD23937AEFBC9A3C6493664FDDCDDB623B16C1B3B63E1A5FD67944AEF3CD71CCF5B069C8563A4D4A848696C2134ED1D69BA5A35F94CDFCD9F7FDF63E3BF6DCE17D68D8DC2D8355F7974ED5F1F2BEE0E1C3FFF961E77C9FB3FB2E1FEF2B9E6F79A7C25F637DFEEFE69A9D8D8A02CAB94EDEA78CA53C9DFFFFD9F0E3CFA5AF87E39BC26026CDC383D35F7CA8B72F9D2E0E4E6CDFBC2979FF1DAE17F03088B2DCFF9AF321B0000000049454E44AE426082, NULL),
	(14, 'Fast Food', _binary 0x89504E470D0A1A0A0000000D4948445200000040000000400806000000AA6971DE000000097048597300000D6C00000D6C0135140FBD0000001974455874536F667477617265007777772E696E6B73636170652E6F72679BEE3C1A0000088649444154789CED9A6B6C14D715C77F67F685C1BB3880793AD42934091028A501C243E441A4B84ED3A83454AA94488D4A93564548FDD02A8A2AD148559B50092969121589E443533E244454699A84A0400A84E2E22621801124E0027E801FACD7BBB6D7BBF338FD30808D5F336BAF0D52F7278DB49AF9DF73CF3973E7DE73AF0D050A142850A04081FF5764B43BD0BDCCC108AF40588870275006321D340A8CBB22EB0649815E02EA514EA11CC7C91E96B59C1D4DFFF29E0055848F830F10083C063C0CDC3A429375C07BD8F6DBDC6FED134147EE650F794B80BE439492C853C046A03C5F76FB700E87574866B6C9A3A4F26170C409D08F091208FD0C35360353F2E0931F5A11E7396CF3CF723FD6480C8D2801BA2F720701FD0BC8B2BECFCCACF2D551F7F7371643283C0AD38D6A358E3C210F644E0FD78431ECBEF7472A09E891818207487740A6CBBDD21DC3EDC50391A504F488EE8F540EDBC4701AE981F0A3283B4142836A54B978CEFD3DA31C444673C1511361BDACC9BE936BCB9CBDD2FDA16F811C0229CAB5EDE8A269D05572AFF9792EAD72FA04F43F8440760C15FC85D3CAB1834AA2B567B54AB4BAF72E9CCEEB0AD6072902D9E1FAE89FDCE6808ED04F41E60D254934836D43F272CFBDE465F75EA239A7DE8681CC737DF44F8E93A0FCDC4B317B1E4C9E01D366F7DC9B36DBBD377BC8D4E50B6F1FAF53FB15EA5E66118CD4E5D2E606A158995B652D0D7EC441DF6643E3EEB4F5A60F1E40D418370FBA7D25C057405B0E56FCC810F9BDAA948FC4B3B142D1B396B2E2D9351FB478693DE7802D072B7F21183BC622F84C5D86B6BDEDA8ED6FB548D77663B69AFDEE0B322728BCEEC7866702043631C848511DD8513BED90AC4AD17E3845F7850CEA7807946D316978B589F8EE046AF5E8CD368BCBEFB661B55F5FF2C73F4CD0F84A130D2F5FC2E97606F05BBEBBE5C0434BBCFAF59C0314CAFB466F252C5A76C5499F4E33F97B9398B82A7AED99DD69D3F0A74B982D3D0E074B02C4564689AD2826303E30603FF17FB4A159A568EE388C88FB5EEC0E9BC6579BB0E21691AF45285EE4BA9BAEEDA66D4FBBAB4939B4ED6B6772E52DFD6C1A8651017C36A20408EC00FD318898718BD4A71D243E4EA219F72DB5FE2D4E201AA078D178D4529ADE68BD2E78002B61137F3F41DB47ED44EF9EC0C45551C2D3C3D79E77D674D179220D4078865BC798AD26175F6FC18ABBB6BA6ABADC3E5489BF97B8CE7E625F92E0C420B195C5BD4B6EC7464FF888CF9B8D0F2EDCEA64F5974EF720433900B1E5C5641A4D32E7327E4C122A0D1299150643E83CDE859AAEED402C40D19C089DC7D3D77D0A00256B63D89D0EA9AA81775791F208C58BC763840DB28DD9D75ED85AB5C1CB0F5FCBA0957486DEE7DB90FC576E5B3EB3C5EA375200ECA44DC7E75D03B649EC4D0E6933732ED3FB058487D25EC55725A868B51FDDCD845F9F7D2520DE98DCAEAA4746E6D2D8A1AA47E28DC9ED7EB4BE2BBBF56565459366C6362CBD37FC3C2AC33E481955449DEAFDD967E28DC9ED3BEBEBD3BE9AE4DA87B6AC1ACD3DED8891D24339C5E44BACAB790B61FDB51686B81F4F40206440C48048008A023021081302100D4149084AC230250C532230759CABC907CDDDF0691B9C4E415D17B466A0CB86AB55A4B2533EE1875E66FC6F86AEA2B89DD880A9D0ED90D301754908661641F904B8EDCA75EB7837915EA42DF8670BEC6D82DACE9C5D1F88DC13305212A67B9DECB5A485046E8FC25D13615109DC117547D955D236FCBD01DE6D74DF721E19FB040C84A9509374AF37EB606208964F82B5D3A02503AFD5425BFF4D4F3EB83912D0977613F634B9D728E32F01CA5684B70078E6CE3746D3A111F3FCA9270050EAFDC87D25400E5105B061D1DCB24D12D348984849A9614C99666004C6E690481D25DD05E94EA5BB4BC9661433AB6A59D88E83AAAD8A88F952FBDCAAEDC7CEF80A1E72A8039E5EBAE037226CA657D24211B8EDF620772D0BB2784588D219C35FE2520987A60687E6069BCBCD0EF166A5ADD521957048B6299D296590E387BE58AA3CB7ADBAE6777EC4BE12F0F4D2051508EF8B87FEF68541EE7B24CCE21521C4185C9A4A389CA9B1B870C6A6EEAC4D5DAD4DB22D7FF59582A2546EABAED9EDA5F53B09AEF30A1EE0CBE3165F1EB798596EB0EEC92216DCEDEEED6D5B395363F1C56193535F585C3CDFFF04279F0888C23A206F09C889C6730E2F6FEE64C9EA1093A61AFC7B6F9654FBCD5941FB4DC02E850D7E46416F3EFB6474D66E2FD4AD5777F9D1FADAD56DABAED91DBBA7F888188CEED8CD0362E044974E3834E3E19A3DBEF47E447F3C58B90978D14A5A56B6C1B4FC1E5B8F351210C265E160301A0822BCD779CBF975BF5D50931DB28D97D197AABE13CB98520F44BDB4371DC21F7EB5FAFD678792787E02E98C3EC818056FA8C3441DF83C7060861E89EAE8539E7D7A090286313F078FAE11568B716AE2E5E455426AF1B856B3410F13D09E1D9FA8324D93F4AD82E6680B1B9D03AC754E0D6A53848857BF9EAB80AD1A3606F8F79672BDCC7CBDC85129A3514AAE7BB6526BB947FF8B012435C2194A392A65C465C2A0FD2CD7F34CA58326A2D8E25694A2CAA37A8CB9B4F25759CA2562004CD60E1ED1130471584C03C77526CD121BC0AA5479C5E739020CD17DBDD35FACDD543835FC408F329F261ED3A3946ACF89C8426D60E595E001626458423D4F6A15DF778E325BE3F41D1551EDE6DB5C00E002B75C09DEE1213DC95C5A0198DAEBD4658D9E2578654112A0524F52A4FDE63A5578D12B3E9FAB40C57D77D0F2F8379DFA9FCCA29D409F003A08F3A1CC234A86B57ABADFF3BE5C663C5F31952689E220ACD65A4A71FFAE708E497C21B358A6E79941CFA1498A086FCA12A693E461ADE9E7788A089FC8D7394B291909C61DE5855FAFF9604B5E1200A007C28FA1B2D3AFFE8622BA5ED664DFF623F57FBC6D3B096FD14D420EBEFA4F40DA3A08D40EC79F31A6F68AAFBEF09D00A92403990A848FA0FF8C73E3D1ACEB5BA6C2F5B5408102050A1428506068FE0794BE7A58D6135ABB0000000049454E44AE426082, NULL);
/*!40000 ALTER TABLE `product_types` ENABLE KEYS */;

-- Дамп структуры для таблица attraction.staff
CREATE TABLE IF NOT EXISTS `staff` (
  `id_code` int(11) NOT NULL,
  `name` varchar(50) NOT NULL,
  `occupation` varchar(50) NOT NULL,
  PRIMARY KEY (`id_code`)
) ENGINE=InnoDB DEFAULT CHARSET=utf8;

-- Дамп данных таблицы attraction.staff: ~0 rows (приблизительно)
DELETE FROM `staff`;
/*!40000 ALTER TABLE `staff` DISABLE KEYS */;
/*!40000 ALTER TABLE `staff` ENABLE KEYS */;

-- Дамп структуры для таблица attraction.staff_history
CREATE TABLE IF NOT EXISTS `staff_history` (
  `id` int(11) NOT NULL AUTO_INCREMENT,
  `staff_id` int(11) NOT NULL,
  `enter_time` datetime NOT NULL,
  `exit_time` datetime DEFAULT NULL,
  PRIMARY KEY (`id`),
  KEY `FK_staff_history_staff` (`staff_id`),
  CONSTRAINT `FK_staff_history_staff` FOREIGN KEY (`staff_id`) REFERENCES `staff` (`id_code`) ON UPDATE CASCADE
) ENGINE=InnoDB AUTO_INCREMENT=21 DEFAULT CHARSET=utf8;

-- Дамп данных таблицы attraction.staff_history: ~0 rows (приблизительно)
DELETE FROM `staff_history`;
/*!40000 ALTER TABLE `staff_history` DISABLE KEYS */;
/*!40000 ALTER TABLE `staff_history` ENABLE KEYS */;

-- Дамп структуры для таблица attraction.tariff
CREATE TABLE IF NOT EXISTS `tariff` (
  `id` int(11) NOT NULL AUTO_INCREMENT,
  `title` varchar(50) NOT NULL,
  `price` decimal(10,2) unsigned NOT NULL,
  `time_limit` int(11) unsigned NOT NULL,
  `price_limit` decimal(10,2) unsigned NOT NULL,
  PRIMARY KEY (`id`)
) ENGINE=InnoDB AUTO_INCREMENT=3 DEFAULT CHARSET=utf8;

-- Дамп данных таблицы attraction.tariff: ~2 rows (приблизительно)
DELETE FROM `tariff`;
/*!40000 ALTER TABLE `tariff` DISABLE KEYS */;
INSERT INTO `tariff` (`id`, `title`, `price`, `time_limit`, `price_limit`) VALUES
	(1, 'Взрослый', 45000.00, 180, 150000.00),
	(2, 'Детский', 20000.00, 0, 0.00);
/*!40000 ALTER TABLE `tariff` ENABLE KEYS */;

-- Дамп структуры для таблица attraction.transactions_history
CREATE TABLE IF NOT EXISTS `transactions_history` (
  `id` int(11) NOT NULL AUTO_INCREMENT,
  `title` enum('Покупка','Оплата','Регистрация','Пополнение баланса','Возврат остатка','Штраф') NOT NULL DEFAULT 'Покупка',
  `product_id` int(11) DEFAULT NULL,
  `quantity` int(11) unsigned DEFAULT NULL,
  `total_price` decimal(10,2) NOT NULL,
  `time` datetime NOT NULL,
  `bracers_history_id` int(11) NOT NULL,
  `activity_point` tinyint(4) unsigned DEFAULT NULL,
  PRIMARY KEY (`id`),
  KEY `FK_active_transactions_active_bracers` (`bracers_history_id`),
  KEY `FK_transactions_history_products` (`product_id`),
  CONSTRAINT `FK_transactions_history_products` FOREIGN KEY (`product_id`) REFERENCES `products` (`id`) ON DELETE SET NULL ON UPDATE CASCADE,
  CONSTRAINT `transactions_history_ibfk_1` FOREIGN KEY (`bracers_history_id`) REFERENCES `bracers_history` (`id`) ON DELETE CASCADE ON UPDATE CASCADE
) ENGINE=InnoDB DEFAULT CHARSET=utf8 ROW_FORMAT=COMPACT;

-- Дамп данных таблицы attraction.transactions_history: ~0 rows (приблизительно)
DELETE FROM `transactions_history`;
/*!40000 ALTER TABLE `transactions_history` DISABLE KEYS */;
/*!40000 ALTER TABLE `transactions_history` ENABLE KEYS */;

-- Дамп структуры для процедура attraction.add_cash
DELIMITER //
CREATE DEFINER=`root`@`%` PROCEDURE `add_cash`(
	IN `b_cash` DECIMAL(10,2),
	IN `b_bracer_id` INT
,
	IN `b_deposit_id` INT,
	IN `b_activity_point` INT


)
BEGIN 

DECLARE b_result_cash DECIMAL(10,2);

SET b_result_cash = (SELECT cash FROM deposit WHERE id=b_deposit_id)+b_cash;

UPDATE deposit SET cash=b_result_cash WHERE id=b_deposit_id; 

INSERT INTO active_transactions (title, total_price, time, active_bracers_id, activity_point) 
VALUES ('Пополнение баланса', b_cash, SYSDATE(), b_bracer_id, b_activity_point);

END//
DELIMITER ;

-- Дамп структуры для процедура attraction.enter
DELIMITER //
CREATE DEFINER=`root`@`%` PROCEDURE `enter`(
	IN `b_bareer` INT,
	IN `b_bracer_id` INT



)
BEGIN

DECLARE b_entered_childs INT;
DECLARE b_childs INT;

SELECT childs, entered_childs FROM active_bracers WHERE id=b_bracer_id INTO b_childs, b_entered_childs;

IF b_entered_childs<b_childs THEN
	UPDATE active_bracers SET entered_childs=b_entered_childs+1 WHERE id=b_bracer_id;
ELSE
	UPDATE active_bracers SET enter_time=SYSDATE(), enter_number=b_bareer, expected_exit_time=SYSDATE() + INTERVAL (SELECT time_limit FROM tariff WHERE id=1) MINUTE WHERE id=b_bracer_id;
END IF;

END//
DELIMITER ;

-- Дамп структуры для процедура attraction.make_payment
DELIMITER //
CREATE DEFINER=`root`@`%` PROCEDURE `make_payment`(
	IN `update_text` TINYTEXT,
	IN `transactions_text` TINYTEXT






)
BEGIN

SET @s = update_text;
PREPARE stmt FROM @s;
EXECUTE stmt;

DEALLOCATE PREPARE stmt;

SET @s = transactions_text;
PREPARE stmt FROM @s;
EXECUTE stmt;

DEALLOCATE PREPARE stmt;

END//
DELIMITER ;

-- Дамп структуры для процедура attraction.move_to_history
DELIMITER //
CREATE DEFINER=`root`@`%` PROCEDURE `move_to_history`(
	IN `b_exit_number` TINYINT,
	IN `b_bracer_id` INT









)
BEGIN

DECLARE b_entered_childs INT;
DECLARE b_last_insert_id INT;

SELECT entered_childs FROM active_bracers WHERE id=b_bracer_id INTO b_entered_childs;

IF b_entered_childs>0 THEN
	UPDATE active_bracers SET entered_childs=b_entered_childs-1 WHERE id=b_bracer_id;
ELSE
	INSERT INTO bracers_history(code, bracer_number, enter_time, enter_number, exit_time, exit_number, childs, comment)
	SELECT code, bracer_number, enter_time, enter_number, SYSDATE(), b_exit_number, childs, comment
	FROM active_bracers
	WHERE id = b_bracer_id;

	SET b_last_insert_id=LAST_INSERT_ID();

	INSERT INTO transactions_history(title, product_id, quantity, total_price, time, bracers_history_id, activity_point)
	SELECT title, product_id, quantity, total_price, time, b_last_insert_id, activity_point
	FROM active_transactions
	WHERE active_bracers_id = b_bracer_id;

	DELETE FROM active_bracers WHERE id=b_bracer_id;
END IF;

END//
DELIMITER ;

-- Дамп структуры для процедура attraction.penalty
DELIMITER //
CREATE DEFINER=`root`@`%` PROCEDURE `penalty`(
	IN `b_minutes` INT,
	IN `b_bracer_id` INT



,
	IN `b_cash` DECIMAL(10,2)
,
	IN `b_deposit_id` INT




,
	IN `b_activity_point` INT
,
	IN `b_penalty` DECIMAL(10,2)

)
BEGIN

UPDATE active_bracers SET expected_exit_time=expected_exit_time + INTERVAL b_minutes MINUTE WHERE id=b_bracer_id;

UPDATE deposit SET cash=b_cash WHERE id=b_deposit_id;

INSERT INTO active_transactions (title, total_price, time, active_bracers_id, activity_point) 
VALUES ('Штраф', b_penalty, SYSDATE(), b_bracer_id, b_activity_point);

END//
DELIMITER ;

-- Дамп структуры для процедура attraction.register
DELIMITER //
CREATE DEFINER=`root`@`%` PROCEDURE `register`(
	IN `b_childs` TINYINT,
	IN `b_bracer_number` SMALLINT,
	IN `b_code` INT







,
	IN `b_cash` DECIMAL(10,2)
,
	IN `b_comment` TEXT

,
	IN `b_activity_point` SMALLINT




)
    COMMENT 'Registers bracer'
BEGIN

DECLARE b_deposit_id INT;
DECLARE b_bracer_id INT;

INSERT INTO deposit (cash) VALUES (b_cash);
SET b_deposit_id = LAST_INSERT_ID();

INSERT INTO active_bracers (code, bracer_number, deposit_id, childs, comment) VALUES (b_code, b_bracer_number, b_deposit_id, b_childs, b_comment);
SET b_bracer_id = LAST_INSERT_ID();

INSERT INTO active_transactions (title, total_price, time, active_bracers_id, activity_point) 
VALUES ('Регистрация', (SELECT price FROM tariff WHERE id=1)+b_childs*(SELECT price FROM tariff WHERE id=2), SYSDATE(), b_bracer_id, b_activity_point);

IF b_cash>0 THEN
	INSERT INTO active_transactions (title, total_price, time, active_bracers_id, activity_point) 
	VALUES ('Пополнение баланса', b_cash, SYSDATE(), b_bracer_id, b_activity_point);
END IF;

END//
DELIMITER ;

-- Дамп структуры для процедура attraction.return_debt
DELIMITER //
CREATE DEFINER=`root`@`%` PROCEDURE `return_debt`(
	IN `b_deposit_id` INT,
	IN `b_bracer_id` INT,
	IN `b_cash` DECIMAL(10,2)







,
	IN `b_activity_point` INT

)
BEGIN

INSERT INTO active_transactions (title, total_price, time, active_bracers_id, activity_point) 
VALUES ('Оплата', b_cash, SYSDATE(), b_bracer_id, b_activity_point);

UPDATE deposit SET cash='0' WHERE  id=b_deposit_id;

END//
DELIMITER ;

-- Дамп структуры для процедура attraction.return_remainder
DELIMITER //
CREATE DEFINER=`root`@`%` PROCEDURE `return_remainder`(
	IN `b_deposit_id` INT,
	IN `b_bracer_id` INT,
	IN `b_cash` DECIMAL(10,2),
	IN `b_activity_point` INT

)
BEGIN

INSERT INTO active_transactions (title, total_price, time, active_bracers_id, activity_point) 
VALUES ('Возврат остатка', b_cash, SYSDATE(), b_bracer_id, b_activity_point);

UPDATE deposit SET cash='0' WHERE  id=b_deposit_id;

END//
DELIMITER ;

-- Дамп структуры для процедура attraction.unite_bracers
DELIMITER //
CREATE DEFINER=`root`@`%` PROCEDURE `unite_bracers`(
	IN `b_stmt1` TEXT,
	IN `b_stmt2` TEXT

)
BEGIN

SET @s = b_stmt1;
PREPARE stmt FROM @s;
EXECUTE stmt;

SET @s = b_stmt2;
PREPARE stmt FROM @s;
EXECUTE stmt;

DEALLOCATE PREPARE stmt;

END//
DELIMITER ;

-- Дамп структуры для событие attraction.deposit_cleanup
DELIMITER //
CREATE DEFINER=`root`@`%` EVENT `deposit_cleanup` ON SCHEDULE EVERY 1 DAY STARTS '2018-05-18 00:00:00' ON COMPLETION PRESERVE ENABLE DO BEGIN
TRUNCATE TABLE deposit;
END//
DELIMITER ;

/*!40101 SET SQL_MODE=IFNULL(@OLD_SQL_MODE, '') */;
/*!40014 SET FOREIGN_KEY_CHECKS=IF(@OLD_FOREIGN_KEY_CHECKS IS NULL, 1, @OLD_FOREIGN_KEY_CHECKS) */;
/*!40101 SET CHARACTER_SET_CLIENT=@OLD_CHARACTER_SET_CLIENT */;
